,jiandu1,jiandu2,jiandu3,jiandu4
0, 渡辺信一郎 , 矢立肇 , 川元利浩 ,
1, 神山健治 , 士郎正宗 ,,
2, 神山健治 , 士郎正宗 , 下村一 ,
3, 石原立也 , Key,Visual Art's , 池田和美 
4, 庵野秀明 , GAINAX , 貞本義行 ,
5, 押井守 , 士郎正宗 , 沖浦啓之 ,
6,,,,
7, 古橋一浩 , 和月伸宏 , 柳沢まさひで ,
8, 入江泰浩 , 荒川弘（掲載 月刊『少年ガンガン』スクウェア・エニックス刊） , 菅野宏紀 ,
9, 新房昭之 , 羽海野チカ（白泉社 ヤングアニマル連載） , 杉山延寛 ,
10, 水島努 , 武蔵野アニメーション , 関口可奈味 ,
11,,,,
12, William Hanna (1940–58) Joseph Barbera (1940–58 , 2005) Gene Deitch (1961–62) Chuck Jones (1963–67) Maurice Noble (1964–67) Abe Levitow (1965–67) Tom Ray (1966–67) Ben Washam (1966–67) ,,
13, 井上雄彦 ,,,
14, 田中芳樹 , 本木久年(1期)、久米一成(2期)、清水恵蔵(3期～) ,,
15, 高松信司 , 空知英秋 , 竹内進二 ,
16, 長濵博史 , 漆原友紀 , 馬越嘉彦 ,
17, 諫山創（別冊少年マガジン連載／講談社） ,,,
18, 押井守 ,,,
19, 今敏 , 竹内義和 ,,
20,,,,
21, 武本康弘 , 谷川流 , 池田晶子 ,
22, 今石洋之 , GAINAX , 錦織敦史 ,
23, Justin Roiland、Dan Harmon ,,,
24, 押井守 ,,,
25, 宮崎駿 ,,,
26, 今敏 , 本田雄、今敏 ,,
27, 佐藤卓哉、浜崎博嗣、小林智樹(第25話) , 5pb.,Nitro+ , 坂井久太 
28, 佐藤順一 , 天野こずえ , 古賀誠 ,
29, 長濵博史 , 漆原友紀 , 馬越嘉彦 ,
30, Justin Roiland、Dan Harmon ,,,
31, 渡辺信一郎 , Manglobe , 中澤一登 ,
32, 万籁鸣、唐澄 , 西游记 ,,
33, 長濵博史 , 漆原友紀 , 馬越嘉彦 ,
34, 尾田栄一郎（集英社「週刊少年ジャンプ」連載） , 小泉昇（1-425）→久田和也（385-891）→松田翠（780-782、892-） ,,
35, 長井龍雪 , 羽海野チカ , 島村秀一 ,
36, カサヰケンイチ , 羽海野チカ , 島村秀一 ,
37, 押井守 ,,,
38, 富野由悠季 , 矢立肇 , 安彦良和 ,
39, Justin Roiland、Dan Harmon ,,,
40, 満仲勧 , 古舘春一（集英社「週刊少年ジャンプ」連載） ,,
41, 宮崎駿 ,,,
42, 湯浅政明 , 森見登美彦 , 伊東伸高 ,
43, 佐藤順一 , 天野こずえ , 音地正行 ,
44, 高山文彦 , 矢立肇、富野由悠季 , 美樹本晴彦 ,
45, 新房昭之 , Magica Quartet , 岸田隆宏 ,
46, 今敏 , 筒井康隆 ,,
47, 庵野秀明 ,,,
48, 平尾隆之 , 奈須きのこ , 須藤友徳、高橋タクロヲ ,
49,,,,
50, 畠山守（小俣真一） , 雲田はるこ（講談社「ITAN」連載） , 細居美恵子 ,
51, 富野由悠季 , 富野由悠季 , 北爪宏幸 ,
52, 石原立也 , あらゐけいいち , 西屋太志 ,
53, 津田尚克 , 荒木飛呂彦（集英社ジャンプ コミックス刊） , 小美野雅彦、町田真一（副人物设定、替身设计）、光田史亮（替身设计） ,
54, 古舘春一（集英社「週刊少年ジャンプ」連載） ,,,
55, 古橋一浩 , 冨樫義博 ,,
56,,,,
57, 水島精二 , 荒川弘 , 伊藤嘉之 ,
58, 宮崎駿 ,,,
59, あだち充 ,,,
60, 佐藤順一、平池芳正（第27话以后） ,,,
61,,,,
62, 浅香守生 , 末次由紀（講談社「BE・LOVE」連載） ,,
63, 谷口悟朗 , 木村貴宏 ,,
64, 西澤晋、神谷純、えんどうてつや , ほったゆみ、小畑健 , 本橋秀之、関口可奈味、上田美由紀、芝美奈子 ,
65,,,,
66, ところともかず（#1 - #4）、田中洋之（#5 - #7）、松村やすひろ（#8、#10）、鈴木健一（#9 - #10） , 平野耕太 ,,
67, 富野由悠季 , 矢立肇、富野由悠季 ,,
68, 長濵博史 , 漆原友紀 , 馬越嘉彦 ,
69, 庵野秀明 , 岡田斗司夫 ,,
70, 長濵博史 , 漆原友紀 , 馬越嘉彦 ,
71, 新房昭之 , 西尾維新「化物語」（講談社BOX） , 渡辺明夫 ,
72,,,,
73, Andrew Stanton ,,,
74, 大森貴弘 , 緑川ゆき , 髙田晃 ,
75, 大森貴弘 , 成田良悟 , 岸田隆宏 ,
76, 藤子・F・不二雄 , 渡辺歩→渡辺歩、富永貞義→丸山宏一、富永貞義→富永貞義→吉田誠、富永貞義→丸山宏一 ,,
77, 佐藤順一 , 天野こずえ , 古賀誠 ,
78, 長峯達也 , 東堂いづみ , 馬越嘉彦 ,
79,,,,
80, 小島正幸 , つくしあきひと , 黄瀬和哉 ,
81, 武本康弘 , 米澤穂信 , 西屋太志 ,
82, 磯光雄 , 磯光雄 , 本田雄 ,
83, 宮崎駿 ,,,
84, 湯浅政明 , 大童澄瞳（小学館「月刊！スピリッツ」連載中） , 浅野直之 ,
85,,,,
86, 吉田隆彦 ,,,
87, 石原立也 , 武田綾乃（宝島社文庫「響け！ユーフォニアム」シリーズ） , 池田晶子 ,
88,,,,
89, 鶴巻和哉 , GAINAX , 貞本義行 ,
90, 石原立也 , 武田綾乃（宝島社文庫「響け！ユーフォニアム」シリーズ） , 池田晶子 ,
91, 冨樫義博 ,,,
92, 武本康弘 , 賀東招二 , 堀内修 ,
93, 佐藤順一 , 天野こずえ , 古賀誠 ,
94, 山川吉樹 , 押切蓮介（掲載 月刊「ビッグガンガン」スクウェア・エニックス刊） , 桑波田満（SMDE） ,
95, 鳥山明（集英社「週刊少年ジャンプ」連載） ,,,
96, 森本晃司、岡村天斎、大友克洋 ,,,
97, 古舘春一 ,,,
98, 津田尚克 , 荒木飛呂彦（集英社ジャンプ コミックス刊） , 小美野雅彦、町田真一（副人物设定、替身设计）、光田史亮（替身设计） ,
99, John Aoshima , Aaron Springer , Joe Pitt ,
100,,,,
101, 特伟、马克宣 , 吴山明 ,,
102, Александр Константинович Петров , Ernest Miller Hemingway ,,
103,,,,
104, 今石洋之 , GAINAX・中島かずき , 錦織敦史 ,
105, 湯浅政明 , 森見登美彦（角川文庫刊） ,,
106, 渡辺歩 , 小山宙哉（講談社「モーニング」連載中） ,,
107, 山本裕介 , 大岩ケンヂ , 右凑具央、吉田隆彦 ,
108, 板村智幸 , 西尾維新 , 渡辺明夫 ,
109, 沖浦啓之 , 西尾鉄也、沖浦啓之 ,,
110, 長井龍雪 , 竹宮ゆゆこ（アスキー・メディアワークス／電撃文庫） ,,
111, 大沼心 , minori、鏡遊、御影 , 杉山延寛 ,
112,,,,
113, 湯浅政明 , 湯浅政明 , 伊東伸高 ,
114, 石原立也 , 武田綾乃（宝島社文庫「響け！ユーフォニアム」シリーズ） , 池田晶子 ,
115, 亀井幹太 , 宇仁田ゆみ , 山下祐 ,
116,,,,
117, 瀧沢進介（あおきえい、野中卓也、近藤光、平尾隆之、小船井充） , 奈須きのこ , 須藤友徳、高橋タクロヲ、小船井充 ,
118,,,,
119,,,,
120, 大森貴弘 , 緑川ゆき , 髙田晃 ,
121, 諫山創（別冊少年マガジン連載／講談社） ,,,
122,,,,
123, 大森貴弘 , 緑川ゆき ,,
124, 石黒昇、河森正治 , スタジオぬえ , 美樹本晴彦 ,
125,,,,
126,,,,
127, 原恵一 , 臼井儀人 , 末吉裕一、原勝徳 ,
128, 細田守 , 細田守 , 貞本義行 ,
129, 大森貴弘 , 緑川ゆき , 髙田晃 ,
130, , 罗杰·阿勒斯 , 罗伯·明可夫 ,
131, 今千秋 , 竜騎士07,07th Expansion , 坂井久太 
132,,,,
133,,,,
134, 出合小都美 , 荒川弘 , 中井準 ,
135, 東堂いづみ（擬人名称） ,,,
136,,,,
137, 尾石達也 , 西尾維新（『傷物語』講談社BOX） , 渡辺明夫、守岡英行 ,
138, 鲍勃·佩尔西凯蒂 , 彼得·拉姆齐 , 罗德尼·罗斯 ,
139, 新海誠 , 田中将賀 ,,
140,,,,
141, 浅香守生 , CLAMP (講談社「なかよし」連載) ,,
142,,,,
143, 板村智幸 , 西尾維新 , 渡辺明夫 ,
144, 宮崎駿 , 宮崎駿 ,,
145, 高松信司 , 小林尽 , 渡辺はじめ ,
146, 細田守 , 細田守 , 貞本義行 ,
147, 小船井充 ,,,
148, 大森貴弘 , 成田良悟 , 岸田隆宏 ,
149, 山田尚子 , かきふらい（芳文社「まんがタイムきらら」連載） , 堀口悠紀子 ,
150, 尾崎隆晴 , つくみず（新潮社「くらげバンチ」連載） , 戸田麻衣 ,
151,,,,
152,,,,
153, 細田守 , 筒井康隆 , 貞本義行 ,
154, 浅香守生 , 矢沢あい ,,
155,,,,
156, 後藤圭二 ,,,
157, 島村秀一 ,,,
158, 神山健治 , 上橋菜穂子 ,,
159, カサヰケンイチ、秋田谷典昭 , 小畑健、大場つぐみ , 下谷智之 ,
160, あおきえい ,,,
161, 岡村天斎 , BONES、岡村天斎 ,,
162, Sylvain Chomet ,,,
163, 川面真也 , あっと（月刊コミックアライブ連載『のんのんびより』,KADOKAWA刊） , 大塚舞 
164, 佐藤雄三 , 福本伸行 , 高田晴仁 ,
165, 川面真也 , あっと , 大塚舞 ,
166, 湯浅政明 , 永井豪「デビルマン」 ,,
167, Michael Dante DiMartin、Bryan Konietzko ,,,
168, 伊藤智彦 , 荒川弘 , 中井準 ,
169,,,,
170, 山内泰延(掲載「ガンガンONLINE」スクウェア・エニックス刊) ,,,
171, 小池健 , 石井克人 ,,
172, 河本昇悟 , 伊藤郁子 ,,
173, 宮本幸裕 , Magica Quartet , 岸田隆宏、谷口淳一郎 ,
174, MTJJ(木头) ,,,
175, 岸誠二 , くぼたまこと , 森田和明 ,
176, 川面真也 , あっと , 大塚舞 ,
177, 小川太一 , 武田綾乃（宝島社文庫「響け！ユーフォニアム」シリーズ） , 池田晶子 ,
178, 安藤真裕 ,,,
179, 樋口真嗣（第23 - 39話） ,,,
180, 水島努 , CLAMP , 黄瀬和哉 ,
181, 新房昭之 , 蒼樹うめ , 伊藤良明 ,
182, 石黒昇 , スタジオぬえ ,,
183, 羽原信義 , XEBEC ,,
184, ねぎしひろし , TOlllO（湖川友謙）、佐野浩敏 ,,
185,,,,
186, 今千秋 ,,,
187,,,,
188, 佐藤竜雄 , 後藤圭二 ,,
189,,,,
190,,,,
191, 金﨑貴臣 , 小林尽 , 渡辺はじめ ,
192, 加藤敏幸 , 冨樫義博（「レベルE」集英社ジャンプコミックス） ,,
193, Adam Elliot ,,,
194, 畠山守（小俣真一） , 赤坂アカ（集英社「週刊ヤングジャンプ」連載） , 八尋裕子 ,
195, 富岡聡、宮崎あぐり , 宮崎あぐり ,,
196, 今石洋之 , GAINAX・中島かずき , 錦織敦史 ,
197, Sylvain Chomet ,,,
198, 大地丙太郎 , 増田こうすけ（集英社『ジャンプスクエア』連載） ,,
199, 片山一良 , 矢立肇、片山一良 , さとうけいいち ,
200, 山川吉樹 , 押切蓮介（掲載 月刊「ビッグガンガン」スクウェア・エニックス刊） ,,
201, 杉島邦久 , 高橋和希 ,,
202, 片渕須直 , 広江礼威（小学館刊『月刊サンデージェネックス』連載） ,,
203, 羽原信義 , XEBEC ,,
204,,,,
205, 広報広聴課ゾンビ係 ,,,
206,,,,
207, 山田尚子 , かきふらい（芳文社「まんがタイムきらら」連載） , 堀口悠紀子 ,
208, 武本康弘 , 賀東招二 , 堀内修 ,
209, 羽山淳一 , 荒木飛呂彦 , 羽山淳一 ,
210,,,,
211, 山﨑みつえ , 椿いづみ , 谷口淳一郎 ,
212, 山川吉樹 , 押切蓮介（掲載 月刊「ビッグガンガン」スクウェア・エニックス刊） , 桑波田満（SMDE） ,
213, 中村隆太郎 , 岸田隆宏 ,,
214, 古川知宏 , ブシロード、ネルケプラニング , 齊田博之 ,
215, James Algar , Gaëtan Brizzi ,,
216,,,,
217, 岸誠二 , 田中ロミオ ,,
218, 草川啓造 , 都築真紀 , 奥田泰弘 ,
219,,,,
220, 千明孝一 , GONZO ,,
221, 水島努 , 杉本功 ,,
222, 今野緒雪 , 松島晃 ,,
223, 石原立也 , Key,Visual Art's , 荒谷朋恵 
224,,,,
225, 李阳 , 李阳 ,,
226,,,,
227, さとうけいいち ,,,
228,,,,
229,,,,
230, 岸誠二 , 森田和明 ,,
231,,,,
232, 尾石達也 , 西尾維新（『傷物語』講談社BOX） , 渡辺明夫、守岡英行 ,
233, 浜崎博嗣 , 南條範夫「駿河城御前試合」／山口貴由（月刊『チャンピオンRED』連載中） , 筱雅律 ,
234, 奈須きのこ ,,,
235, 柴田彰久 , 丸戸史明 （ファンタジア文庫／株式会社KADOKAWA） , 高瀬智章 ,
236,,,,
237,,,,
238, たつき , けものフレンズプロジェクト , irodori ,
239, 佐藤卓哉 , ばらスィー ,,
240, 阿部記之 , 冨樫義博 , 山沢実（1-15話）、北山真理、大西雅也（16-112話） ,
241, 冨樫義博 ,,,
242, 冨樫義博 ,,,
243, 望月智充 , 氷室冴子 ,,
244, 宮崎駿 , ダイアナ・ウィン・ジョーンズ ,,
245, 川村賢一 , 志倉千代丸,MAGES. , 稲吉智重、稲吉朝子 
246, 畠山守（小俣真一） , 赤坂アカ（集英社「週刊ヤングジャンプ」連載） , 八尋裕子 ,
247, 小林治 , 堀元宣、小林治 ,,
248, よしもときんじ , 木尾士目 ,,
249, 片渕須直 , 広江礼威（小学館刊『月刊サンデージェネックス』連載） , 筱雅律 ,
250, 諫山創（別冊少年マガジン連載／講談社） ,,,
251, 松本零士 , 荒木伸吾（初期数話のみ）、湖川滋（湖川友謙）（31話からクレジット表記が滋から「友謙」に変更） ,,
252, 滝口禎一 , 奈須きのこ ,,
253,,,,
254, 高橋丈夫 , 支倉凍砂 ,,
255, 新房昭之 , 久米田康治 , 守岡英行 ,
256, 小島正幸 , つくしあきひと , 黄瀬和哉 ,
257, Byron Howard , Rich Moore ,,
258, 山田尚子 , 京都アニメーション , 堀口悠紀子 ,
259, 大倉雅彦 , 神林長平 , 多田由美 ,
260,,,,
261, 小川優樹 , 天原・作画：masha（「異種族レビュアーズ」／KADOKAWA刊） , うのまこと ,
262, 古橋一浩 , 高橋久美子 ,,
263, 新房昭之 , 久米田康治 , 守岡英行 ,
264, 錦織博 , あずまきよひこ（メディアワークス刊『月刊電撃大王』） , 加藤やすひさ ,
265,,,,
266, 錦織敦史 , バンダイナムコゲームス , 錦織敦史 ,
267, 真下耕一 , 山田芳裕 ,,
268, 佐藤順一、座古明史 ,,,
269, 水島努 , 『XXXHOLiC』CLAMP（講談社『ヤングマガジン』連載） , 黄瀬和哉 ,
270, 石原立也 , Key,Visual Art's , 池田和美 
271,,,,
272,,,,
273, 新房昭之 , 蒼樹うめ , 伊藤良明 ,
274, 都留稔幸 , 内藤泰弘、レッド・エンタテインメント ,,
275, 水島努 , 杉本功 ,,
276, 佐藤雄三 , 福本伸行 , 梅原隆弘 ,
277, 吉原正行 , 森見登美彦 (『有頂天家族 二代目の帰朝』幻冬舎) , 川面恒介 ,
278, Michael Dante DiMartino、Bryan Konietzko ,,,
279,,,,
280,,,,
281,,,,
282, 川越淳 , 永井豪 ,,
283,,,,
284, 大地丙太郎 , 増田こうすけ（集英社『ジャンプスクエア』连载） ,,
285, 橘正紀 , ヨシノサツキ , まじろ ,
286," 胡进庆 , 葛桂云 ",,,
287, XEBEC , 平井久司 ,,
288, 草川啓造 , 都築真紀／ivory , 奥田泰弘 ,
289, 仲谷鳰（「月刊コミック電撃大王」連載） ,,,
290, 日高政光 , 一石小百合 ,,
291, 米たにヨシトモ , 矢立肇 , 木村貴宏 ,
292, こだま兼嗣 , 青山剛昌 , 須藤昌朋 ,
293, 藤原佳幸 , 冬目景（集英社 ヤングジャンプ コミックス GJ刊） , 谷口淳一郎 ,
294, 千明孝一 , 賀東招二 , 堀内修 ,
295, 柴田由香 ,,,
296, 塩谷直義 ,,,
297, 今千秋 , 二ノ宮知子 , 島村秀一 ,
298,,,,
299, 高橋丈夫 , 支倉凍砂 , 小林利充 ,
300, 今野緒雪 , 松島晃 ,,
301, 福田己津央 , 矢立肇 , 久行宏和 ,
302,,,,
303, 佐藤卓哉 , ばらスィー ,,
304, 尾石達也 , 西尾維新（『傷物語』講談社BOX） , 渡辺明夫、守岡英行 ,
305, やまざきかずお（第1話 - 第26話）→安濃高志（第27話 - 第52話）→吉永尚之（第53話 - 第96話） , 高橋留美子 , もりやまゆうじ（第1話 - 第26話）→高田明美（第27話 - 第96話） ,
306,,,,
307, 永丘昭典、牧野滋人、山田勝久、竜大司、水野カズノリ（水野和則）、さかいあきお、川崎博嗣 , 安田均、水野良 ,,
308, 水島努 , 武蔵野アニメーション , 関口可奈味 ,
309, 森脇真琴 , 原将治 ,,
310, 石黒正数（少年画報社、月刊『ヤングキングアワーズ』連載） , 山村洋貴 ,,
311, 元永慶太郎 , 西尾維新 , 川田剛 ,
312, 細田守 , 中鶴勝祥 ,,
313, 木头(MTJJ) ,,,
314, 钱家骏、戴铁郎 , 胡永凯 ,,
315, 小野勝巳 , 高橋和希 スタジオ・ダイス , 丸山修二 ,
316,,,,
317,,,,
318, 2009-05-29(美国) ,,,
319, あおきえい , 瀬川はじめ（月刊「少年エース」連載、角川コミックス・エース刊） , 堀内修 ,
320, 松見真一 , 「BEASTARS」板垣巴留（秋田書店「週刊少年チャンピオン」連載） , 大津直 ,
321, 林祐一郎 , 林田球（小学館「ゲッサン」刊） , 岸友洋 ,
322, 川口敬一郎 , 桜場コハル , 鈴木豪 ,
323,,,,
324, 山田風太郎 ,,,
325, 野坂昭如 ,,,
326, 古橋一浩 , 和月伸宏 , 濱洲英喜→室井ふみえ ,
327,,,,
328, 佐藤卓哉 , ばらスィー ,,
329, 村野佑太 , 久米田康治（講談社「月刊少年マガジン」連載） , 山本周平 ,
330, 渡部高志 , 神坂一 , 宮田奈保美 ,
331, 東堂いづみ（擬人名称） ,,,
332,,,,
333, 新房昭之 , 久米田康治 , 守岡英行 ,
334,,,,
335, 和田純一 , 枯野瑛 , 今西亨 ,
336,,,,
337, 鶴巻和哉 , GAINAX , 貞本義行 ,
338, 水島努 , 黄瀬和哉 ,,
339, 野村哲也 , 竹谷隆之 ,,
340, 太田雅彦 , 桜場コハル , 越智信次 ,
341,,,,
342, 車田正美 , 荒木伸吾、姫野美智 ,,
343, 石黒昇 , 田中芳樹 ,,
344, 恩田尚之 ,,,
345, 石原立也 , あらゐけいいち , 西屋太志 ,
346, 山本沙代 ,,,
347,,,,
348,,,,
349, 日丸屋秀和「黑塔利亚 Axis Powers」（幻冬舍漫画刊） , 河南正昭 ,,
350, 赤城博昭 , 山本崇一朗「からかい上手の高木さん」「あしたは土曜日」（小学館「ゲッサン」刊） , 高野綾 ,
351, 严定宪、王树忱、徐景达 ,,,
352, 太田雅彦 , なもり（一迅社「コミック百合姫」連載） , 中島千明 ,
353, 庵野秀明、佐藤裕紀（15話～） , 津田雅美（白泉社LaLaコミックス刊） ,,
354, 秋山勝仁 , レベルファイブ , 池田裕治、井ノ上ユウ子 ,
355, 青山剛昌 , 須藤昌朋(#1 -#355)→とみながまり(#219、#263、#356 - #504)→須藤昌朋、山中純子(#505-#576)→須藤昌朋(#577-#626)→須藤昌朋、牟田清司(#627-#680)→須藤昌朋(#681-#803)→須藤昌朋、岩井伸之(#804-#870) →須藤昌朋(#871-) ,,
356, 出渕裕 , BONES、出渕裕 , 菅野宏紀 ,
357, 新房昭之 , 中村光 , 杉山延寛 ,
358, ヤマサキオサム（山崎理） , 竹宮惠子 ,,
359,,,,
360, 石ダテコー太郎 ,,,
361, 神山健治 , 神山健治 , 森川聡子 ,
362, 湯浅政明 ,,,
363, 原恵一 , 臼井儀人 , 末吉裕一郎 ,
364,,,,
365, 福山庸治、河森正治、二村秀樹、福島敦子、渡辺信一郎、木村真二、湯浅政明 ,,,
366, 長岡康史 , 森岡浩之（ハヤカワ文庫刊） ,,
367, 三沢伸 , しげの秀一 ,,
368, 押井守 , 森博嗣 , 西尾鉄也 ,
369,,,,
370, えんどうてつや ,,,
371, 曲建方、靳夕、刘蕙仪、蔡渊澜、金芳玲 , 孙大衡 ,,
372, 神戸守 , 白井カイウ・出水ぽすか（集英社「週刊少年ジャンプ」連載） ,,
373, 芦田豊雄 , 武論尊、原哲夫 , 須田正己 ,
374,,,,
375, 長岡康史 , 森岡浩之（ハヤカワ文庫刊） ,,
376, 東堂いづみ（擬人名称） ,,,
377, 須藤友徳 , 奈須きのこ／TYPE-MOON ,,
378,,,,
379, Pete Docter ,,,
380, 宍戸淳 , 杉浦幸次 ,,
381, 大槻敦史 , 高津カリノ , 足立慎吾 ,
382, 若林漢二 , 志倉千代丸、MAGES.、 Nitro+ , 坂井久太 ,
383, 及川啓 , 渡航（小学館「ガガガ文庫」） , 田中雄一 ,
384,,,,
385, 板村智幸 , 西尾維新 『終物語』 (講談社BOX) , 渡辺明夫 ,
386, 吉成曜 , TRIGGER／吉成曜 ,,
387, らんてぃ ,,,
388, 高畑勲 , 高畑勲 ,,
389, 岸誠二 , 涼川りん（白泉社「ヤングアニマル」連載） , 黒澤桂子 ,
390, 西村純二 , 小山田風狂子（會川昇）／篠吉祥、美原轟 , 西田亜沙子 ,
391,,,,
392, 佐藤雅子 , 古舘春一（集英社「週刊少年ジャンプ」連載） , 岸田隆宏 ,
393,,,,
394,,,,
395, こだま兼嗣 , 北条司 , 神村幸子 ,
396,,,,
397, 池田成（1-44）、青木康直（45-） ,,,
398, 水島努 , 黄瀬和哉 ,,
399,,,,
400, 湯山邦彦 , 一石小百合 ,,
401, 岡村天斎 , BONES・岡村天斎 ,,
402, Frank Miller ,,,
403, 新房昭之 , 中村光 , 杉山延寛 ,
404, 水島努 , 杉本功 ,,
405, 増原光幸 , 小林明美 ,,
406, 畠山守（小俣真一） , 雲田はるこ（講談社「ITAN」連載） , 細居美恵子 ,
407, 福田己津央 , 矢立肇 , 吉松孝博 ,
408, 長崎健司 , 矢立肇、富野由悠季 , 大貫健一 ,
409, 西村純二 , 荒川眞嗣 ,,
410, 浅香守生、荒木哲郎、宮繁之、中村亮介、いしづかあつこ , 太宰治『人間失格』、坂口安吾『桜の森の満開の下』、夏目漱石『こゝろ』、太宰治『走れメロス』、芥川龍之介『蜘蛛の糸』『地獄変』 , 筱雅律、香月邦夫、宮繁之、細居美恵子、兼森義則 ,
411, 草川啓造 , 都築真紀 , 奥田泰弘 ,
412, さんぺい聖 , ビーノ(KADOKAWA「コミックNewtype」) , 安田祥子 ,
413, 古橋一浩 , 藤島康介 ,,
414, 今川泰宏 , 矢立肇、富野由悠季 ,,
415, 山内重保 , 竜の子プロダクション（タツノコプロ） ,,
416, Michaël Dudok de Wit ,,,
417, 新房昭之 , 蒼樹うめ , 伊藤良明 ,
418, Stephen Hillenburg ,,,
419, 中村健治 , 奥田英朗『イン・ザ・プール』、『空中ブランコ』、『町長選挙』 , 橋本敬史 ,
420, 桜井弘明 , 野中英次 , 音地正行 ,
421, 特伟、钱家骏、唐澄 ,,,
422, 押井守、吉永尚之 ,,,
423, 芝山努 , 中嶋敦子 ,,
424, Jérémy Clapin ,,,
425, 高畑勲 , 石井寿一（いしいひさいち） ,,
426, 福田己津央 , 矢立肇 , 吉松孝博 ,
427, 川面真也 , あっと , 大塚舞 ,
428,,,,
429, 西村純二 , La'cryma , 関口可奈味 ,
430,,,,
431,,,,
432, 2010-06-18(美国) , Lee Unkrich ,,
433, 水島努 , 木尾士目 ,,
434, 米林宏昌 ,,,
435, 顾汉昌、强小柏、查侃 , 郑渊洁 ,,
436,,,,
437, 水島努 , 久保保久（講談社「イブニング」連載） , 谷口淳一郎 ,
438,,,,
439, 金澤洪充 , 氏家ト全（講談社 週刊少年マガジン連載） ,,
440, モンキー・パンチ ,,,
441, 小野学 , 小林立 , 佐々木政勝 ,
442, 多田俊介 , CLAMP , 菊地洋子 ,
443,,,,
444,,,,
445, 桜美かつし , 石塚千尋「ふらいんぐうぃっち」（別冊少年マガジン , 講談社） , 安野将人 
446, 長井龍雪 , 鎌池和馬＋冬川基 , 田中雄一、副人物设定：萩原弘光、吉田優子 ,
447, 出合小都美 , 緑川ゆき ,,
448,,,,
449,,,,
450, 三浦しをん ,,,
451,,,,
452, Trey Parker , South Park by Trey Parker & Matt Stone ,,
453, わたなべひろし(～30話)、西村純二(31話～) , 藤島康介（讲谈社刊“パーティーKC”所载） , 中嶋敦子 ,
454, アミノテツロー , 河森正治 , 桂憲一郎  ,
455, 安藤真裕 , P.A.WORKS ,,
456,,,,
457,,,,
458,,,,
459, 太田雅彦 , なもり（一迅社「コミック百合姫」連載） , 中島千明 ,
460, 2014-12-10(法国) , 2016-08-12（中国大陆） , Tomm Moore ,
461,,,,
462, 緑川ゆき ,,,
463, あおきえい , The Detectives United , 碇谷敦 ,
464, Alan Barillaro ,,,
465,,,,
466,,,,
467,,,,
468, 西崎義展 , 結城信輝 ,,
469, 2012-11-06(中国大陆) ,,,
470, 高畑勲 , 岡本螢、刀根夕子 ,,
471," Greg Weisman, Brandon Vietti ",,,
472,,,,
473, 津田尚克 , 「planetarian ～ちいさなほしのゆめ～」(Key) , 竹知仁美  ,
474, 渡辺信一郎 , 小玉ユキ ,,
475,,,,
476, ボブ白旗 , 日丸屋秀和 , 河南正昭 ,
477, 「ヴァイオレット・エヴァーガーデン」暁佳奈（KAエスマ文庫,京都アニメーション） , 高瀬亜貴子 ,
478, 松本零士 , 岡迫亘弘 ,,
479, 水島努 , 久保保久（講談社「イブニング」連載） , 谷口淳一郎 ,
480, 松尾衡 , 矢立肇、富野由悠季、太田垣康男（漫画） ,,
481, 新房昭之 , 蒼樹うめ , 伊藤良明 ,
482,,,,
483, 上坪亮樹（チーフディレクター） , 蒼樹うめ , 伊藤良明 ,
484, 大地丙太郎 ,,,
485, 水島精二 , ニトロプラス、東映アニメーション , 齋藤将嗣 ,
486, 前田真宏、中澤一登、大平晋也等 ,,,
487, 金澤洪充 , 氏家ト全（講談社 週刊少年マガジン連載） ,,
488, 車田正美 ,,,
489,,,,
490, 铃木行 , 太田垣康男 ,,
491,,,,
492, 今石洋之 , TRIGGER・中島かずき ,,
493, 樹るう ,,,
494, 武本康弘 , 谷川流・いとうのいぢ・ぷよ , 西屋太志 ,
495, 小島正幸 , 浦沢直樹、勝鹿北星、長崎尚志 ,,
496,,,,
497, Rhode Montijo、Kenn Navarro ,,,
498,,,,
499, 小坂知 , 夜宵草（comico） ,,
500,,,,
501, 山本裕介 , しろ , 松尾祐輔 ,
502, 富野由悠季 , 矢立肇、富野由悠季 , 湖川友謙 ,
503, 高橋留美子 ,,,
504,,,,
505, 鎌倉由実 , 高津カリノ , 足立慎吾 ,
506, 金澤洪充 , 氏家ト全（講談社 週刊少年マガジン連載） ,,
507, 大森貴弘 , 東村アキコ , 羽山賢二 ,
508, 橋本みつお , しげの秀一 ,,
509, 高橋渉 ,,,
510, 新海誠 , 新海誠 , 土屋堅一 ,
511,,,,
512,VCD）等 , 湯山邦彦 ,,
513, 太田雅彦 , 桜井のりお , 大隈孝晴 ,
514, 藤原佳幸 , 得能正太郎 , 菊池愛 ,
515, 舛成孝二 , 倉田英之（集英社｢ウルトラジャンプコミックス｣刊） , 石浜真史 ,
516, 金澤洪充 , 氏家ト全（講談社 週刊少年マガジン連載） , 古田誠 ,
517, 李智勇 ,,,
518, 「ニンジャスレイヤー」（発行元：株式会社KADOKAWA） , 稲戸せれれ、信じろ ,,
519, 木上益治 ,,,
520,,,,
521,,,,
522,,,,
523, ウィーダ （ルイス・ド・ラ・ラメー） ,,,
524, 水島精二 , BONES・會川昇 , 伊藤嘉之 ,
525, 出合小都美 , 緑川ゆき／月刊LaLa（白泉社）連載 ,,
526,,,,
527, 案納正美 , 小川悦司 , 岸義之、二宮常雄 ,
528,,,,
529,,,,
530,,,,
531, ボブ白旗 , 日丸屋秀和 , 河南正昭 ,
532, りんたろう , 手塚治虫 , 名倉靖博 ,
533,,,,
534, 飯村正之（第1话） , 蒼樹うめ , 伊藤良明 ,
535,,,,
536, 下田正美 , 矢立肇・伊東岳彦 , 山下明彦 ,
537, 水島努 , 木尾士目 , 谷口淳一郎 ,
538, 浜津守 , 平山智 ,,
539,,,,
540, 上海アリス幻樂団(ZUN) ,,,
541, ほしかわたかふみ , 波部崇、うめつゆきのり ,,
542, 長井龍雪 , 鎌池和馬＋冬川基（電撃コミックス／アスキー・メディアワークス刊） , 田中雄一、冷水由紀絵（副人物设计） ,
543, ヒガアロハ ,,,
544, 石平信司 , 橙乃ままれ , いとうまりこ ,
545, 韦斯·安德森（Wes Anderson） ,,,
546, もりたけし , ガイナックス ,,
547, 小野勝巳 , 上松範康、金子彰史 , 藤本さとる ,
548,,,,
549, 鶴巻和哉 , 舞城王太郎 , 井関修一 ,
550,,,,
551, 前田真宏 , アレクサンドル・デュマ著「モンテ・クリスト伯」 ,,
552, 水島精二 ,,,
553,,,,
554, 金﨑貴臣 , 暁なつめ , 菊田幸一 ,
555, 福島利規 , 満田拓也 ,,
556,,,,
557, 金﨑貴臣 , 暁なつめ , 菊田幸一 ,
558, Iorph ,,,
559,,,,
560, 藤原佳幸 , 得能正太郎 , 菊池愛 ,
561,,,,
562,,,,
563, 荒川弘 ,,,
564,,,,
565, 水島努 , 久米田康治 , 田中将賀 ,
566, 五十嵐卓哉 , 大久保篤 ,,
567,,,,
568, 眉月じゅん（小学館「週刊ビッグコミックスピリッツ」連載） ,,,
569,,,,
570, 青木康直 , 矢立肇、富野由悠季 , 村瀬修功 ,
571, 藤田陽一 , 『おそ松くん』 赤塚不二夫／「週刊少年サンデー」（1962年～1969年）他で連載 ,,
572, 大沼心 , 井上堅二 , 大島美和 ,
573,,,,
574, 空知英秋 ,,,
575, あおきえい、野中卓也、小船井充、滝口禎一、平尾隆之、三浦貴博 , 奈須きのこ , 須藤友徳 ,
576, 紅優 , 森山大輔 , 黒田和也 ,
577, 笹原和也 , 小林源文 ,,
578,,,,
579, 森山洋 ,,,
580, 西村聡 , 内藤泰弘 , 吉松孝博 ,
581,,,,
582,,,,
583,,,,
584, 令丈ヒロ子・亜沙美[絵]（講談社青い鳥文庫『若おかみは小学生！』シリーズ） ,,,
585, 奥脇雅晴 , 高橋留美子（小学館「人魚の森·人魚の傷」るーみっくわーるどスペシャル） ,,
586, 川面真也 , 庵田定夏 , 赤井俊文 ,
587, 田中洋之 , 八木教広 , 梅原隆弘 ,
588, John Kahrs ,,,
589, 政木伸一 , しげの秀一 ,,
590,,,,
591, 安藤正臣 , 篠原健太 (集英社ジャンプ コミックス刊) , 黒澤桂子 ,
592,,,,
593, 加瀬充子（第1話 - 第7話）、今西隆志（第2話 - 第13話） , 矢立肇、富野由悠季 ,,
594, 杉田圭 ,,,
595, 吉浦康裕 , 吉浦康裕 ,,
596, 汤山邦彦（总导演）、日高政光（导演） , 田尻智、杉森建、増田顺一 , 一石小百合（第1话 - 第191话）、松原德弘（第1话 - 第6话）、毛利和昭（第1话 - 第6话）、松岛贤二、西野弘二 ,
597, 迪恩·德布洛斯 , 克里斯·桑德斯 ,,
598, 浅香守生 , CLAMP ,,
599, 岸誠二 , サンドロビッチ・ヤバ子 , だろめおん（小学館「マンガワン」連載中） , 森田和明 
600,,,,
601, 河森正治 , 河森正治 , 齋藤卓也 ,
602, 木上益治 ,,,
603, 桜井画門（講談社『good! アフタヌーン』連載） ,,,
604, 今石洋之 , 今井トゥーンズ ,,
605, 五十嵐卓哉 , 東堂いづみ , 中澤一登 ,
606, 饺克力 , 饺克力 ,,
607,,,,
608, 合田浩章 , 松原秀典 ,,
609, 渡部高志 ,,,
610,,,,
611,,,,
612, 小野学 , 小林立 , 佐々木政勝 ,
613,,,,
614, 五十嵐卓哉 , 武内直子 , 爲我井克美 ,
615, 岡本英樹 , 天乃咲哉（月刊バーズ・幻冬舎コミックス刊） , 黒澤桂子 ,
616, 玛嘉·莎塔碧、Vincent Paronnaud , 玛嘉·莎塔碧 ,,
617,,,,
618, 矢野雄一郎 , 石川雅之 , 高岡淳一 ,
619, 何小疯 ,,,
620, 山川吉樹 , Key , 飯塚晴子 ,
621, 森田宏幸 ,,,
622, アミノテツロー , 小野不由美（原作）、藤崎竜（漫画） , 越智信次 ,
623, 大地丙太郎 , 小花美穂 ,,
624,,,,
625, 中村春菊 ,,,
626, 河村智之 , カツヲ（「月刊コミック電撃大王」連載（毎月27日発売）） , 横田拓己 ,
627, 岸誠二 , 木村太彦（掲載 月刊『ガンガンWING』スクウェア・エニックス刊） ,,
628, 美原轟（原案） ,,,
629,,,,
630, 原田孝宏・黒木美幸 , バンダイナムコエンターテインメント , 田中裕介・飯塚晴子 ,
631,,,,
632, 佐藤順一 , 佐藤順一 , 飯塚晴子 ,
633, まつもとよしひさ , 新田祐克 , 大西貴子 ,
634, 多田俊介 , CLAMP , 菊地洋子 ,
635, 高津カリノ ,,,
636, LEVEL-5 ,,,
637, 太田雅彦 , 桜井のりお , 大隈孝晴 ,
638, 境宗久 , 尾田栄一郎 ,,
639, 水島努 , 杉本功 ,,
640, 多田俊介 , 田中芳樹 ,,
641, 志水淳児 , 東堂いづみ , 稲上晃、爲我井克美 ,
642, 鴨志田一 (電撃文庫刊「『青春ブタ野郎』シリーズ」) ,,,
643,,,,
644, 野田サトル（集英社「週刊ヤングジャンプ」連載） ,,,
645, 加藤敏幸 , 荒木飛呂彦（集英社ジャンプ コミックス刊） , 石本峻一 ,
646, 河森正治 , 江端里沙 ,,
647, 須藤典彦、浅田裕二（171-193话） , 田尻智、杉森建、増田順一 , 山田俊也、松岛贤二、松宫稔展、西野弘二 ,
648, 水島努 , 臼井儀人 , 末吉裕一郎 ,
649,,,,
650, 水島努 , 久米田康治 , 田中将賀 ,
651, 冨士川祐輔 , 石井あゆみ ,,
652,,,,
653, Wolfgang Lauenstein、Christoph Lauenstein ,,,
654, カサヰケンイチ , 志村貴子 , 音地正行 ,
655, 菅原そうた ,,,
656,,,,
657, 川口敬一郎 , 桜場コハル , 鈴木豪 ,
658, 平池芳正 , 小箱とたん , 杉本功 ,
659,,,,
660, 佐藤順一 , 佐藤順一 , 飯塚晴子 ,
661, さとうけいいち , さとうけいいち , 羽山賢二 ,
662,,,,
663, 矢野孝典 , ユキヲ（COMICメテオ連載） , 古賀誠 ,
664, 新房昭之 , 都築真紀／ivory , 奥田泰弘 ,
665, Tomm Moore , Nora Twomey ,,
666,,,,
667, 石平信司 , 真島ヒロ（周刊少年Magazine／讲谈社） , 山本碧 ,
668, 宮嶋星矢 ,,,
669, 小林常夫 , 森薫 ,,
670,,,,
671,,,,
672,,,,
673, 橘正紀 , 野崎あつこ(野崎温子) ,,
674, 川尻善昭 , 川尻善昭 , 箕輪豊 ,
675, 杨凯华 , 包蕾 , 杨凯华、颜志强 ,
676, 矢野雄一郎 , モンキー・パンチ「ルパン三世」 , 横堀久雄 ,
677, 满田拓也 ,,,
678, John Lasseter ,,,
679, 山賀博之 , 中山文十郎+ぢたま某 , 高村和宏 ,
680, 伊達勇登(221-699)、小林治(700-703)、今千秋(704-708)、渡部穏寛(709-713)、むらた雅彦(714-720) , 岸本斉史,,故事协力：矢野隆(671-678鼬真传、709-713鹿丸秘传)、十和田シン(704-708佐助秘传)、ひなたしょう(714-720木叶秘传) 
681, 严定宪、林文肖、胡依红、王加世、阎善春、姚光华、沈寿林、薛梅君、彭戈 , 郑渊洁 ,,
682,,,,
683, 幾原邦彦 , 武内直子 , 伊藤郁子 ,
684, 平田敏夫 , 秋乃茉莉 ,,
685, 平尾隆之（チーフディレクタ ー） , 双葉ひな、ささきむつみ , 小林利充 ,
686, 大塚隆史 , 稲上晃、川村敏江、香川久 ,,
687,,,,
688,,,,
689, 佐藤順一 , 武内直子 , 只野和子 ,
690,,,,
691,,,,
692, 川口敬一郎 , 桜場コハル , 鈴木豪 ,
693,,,,
694,,,,
695, 水島努 , 久保保久（講談社「イブニング」連載） , 谷口淳一郎 ,
696,,,,
697,,,,
698, 超平和バスターズ ,,,
699, 川口敬一郎 , 西尾公伯 ,,
700, 满田拓也 ,,,
701, 志水淳児 , 香川久 ,,
702, 今川泰宏 , 永井豪 , 竹内進二 ,
703, 川口敬一郎 , 西尾公伯 ,,
704, 佐藤順一 , 佐藤順一 , 飯塚晴子 ,
705, 伊達勇登 , 岸本斉史 , 西尾鉄也、鈴木博文 ,
706, 大槻敦史 , 矢吹健太朗・長谷見沙貴 , 岡勇一 ,
707, 神山健治 × 荒牧伸志 , 士郎正宗「攻殻機動隊」（講談社 KCデラックス刊） , イリヤ・クブシノブ ,
708, 畑博之 , なもり（一迅社「コミック百合姫」連載） , 谷口元浩 ,
709, 加瀬充子 , 香川久 ,,
710, 瀬下寛之 , 弐瓶勉『BLAME!』(講談社「アフタヌーン」所載) ,,
711, 板村智幸 , 西尾維新 『花物語』 (講談社BOX) , 渡辺明夫 ,
712, 芝山努 , 藤子・F・不二雄 ,,
713, Santiago Grasso ,,,
714, 水島努 , 大和田秀樹 , 磯野智 ,
715,,,,
716, 長崎健司 , 堀越耕平「僕のヒーローアカデミア」（週刊少年ジャンプ , 集英社） ,
717, 北久保弘之（8-13）→二村秀樹、古瀬登（1-7） , 荒木飛呂彦 , 羽山淳一 ,
718, 金澤洪充 , 氏家ト全（講談社「週刊少年マガジン」連載） ,,
719, 村瀬修功 , Manglobe , 恩田尚之 ,
720,,,,
721,,,,
722, 新房昭之 , 久米田康治 , 守岡英行 ,
723, 伊藤尚往 , 尾田栄一郎 , 新垣重文 ,
724, 浅香守生・大橋誉志光 , ブロッコリー ,,
725,,,,
726,,,,
727,,,,
728, 满田拓也 ,,,
729,,,,
730, 山賀博之 , 中山文十郎、ぢたま某 , 高村和宏 ,
731, 富野由悠季 ,,,
732, 富野喜幸、藤原良二 ,,,
733, 原泰久 ,,,
734, 大友克洋、森本晃司、大森英敏、梅津泰臣、北爪宏幸、大橋学、北久保弘之、なかむらたかし ,,,
735, Stephen Hillenburg ,,,
736, 高橋和希 ,,,
737, 山賀博之 , GAINAX , 平松禎史 ,
738, 岸誠二 , TYPE-MOON , 森田和明、广濑智仁 ,
739, 中西伸彰 , 加瀬政広 ,,
740,,,,
741,,,,
742,,,,
743, John Lasseter , Josh Cooley ,,
744, 高松信司 , 小林尽 , 渡辺はじめ ,
745, 中村光 ,,,
746,,,,
747,,,,
748, 高雄統子 ,,,
749,,,,
750, 佐山聖子 , 仲村佳樹 ,,
751,,,,
752,,,,
753, 高橋良輔 , 矢立肇、高橋良輔 , 塩山紀生 ,
754, 今千秋 , 二ノ宮知子 , 島村秀一 ,
755, 戴铁郎、范马迪、熊南清 , 诸志祥 , 顾建国 ,
756,,,,
757, 山口史嗣 , しげの秀一 ,,
758, 大羽快 ,,,
759,,,,
760, 2015-07-17(中国大陆) , Mark Burton , Richard Starzak ,
761, 今泉賢一 , 天野明 , 田中将賀 ,
762, 原恵一 , 森絵都 ,,
763, 橋本裕之 , Koi（芳文社「まんがタイムきららMAX」連載） , 奥田陽介 ,
764, 岩崎良明 , 畑健二郎 ,,
765, 滝口禎一 , 新美南吉 ,,
766, 青木康直 , 富野由悠季、矢立肇 ,,
767,,,,
768,,,,
769, 天衝 , 原悠衣 , 植田和幸 ,
770, 岸誠二 , サンドロビッチ・ヤバ子 , だろめおん（小学館「マンガワン」連載中） , 森田和明 
771, 高橋ナオヒト , AQUAPLUS（アクアプラス） ,,
772,,,,
773, 浜津守 , 車田正美 , 井上栄作、本桥秀之 ,
774, 武本康弘 , 西屋太志 ,,
775, 大森貴弘 ,,,
776, 長峯達也 , 川村敏江、爲我井克美 ,,
777,,,,
778,,,,
779,,,,
780, 中鶴勝祥 ,,,
781, 田中芳樹 ,,,
782,,,,
783,,,,
784, EVERGREEN ,,,
785, 篠原俊哉 ,,,
786, 菅原そうた ,,,
787, こだま兼嗣 , 青山剛昌 , 須藤昌朋 ,
788, 钟鸣 , 一汪空气 ,,
789, 岩佐裕子 ,,,
790,,,,
791, 水島精二 , 武井宏之 ,,
792, Nitro ,,,
793, えすのサカエ ,,,
794, 大畑晃一 , 峰倉かずや ,,
795, 多田俊介 , 田中芳樹 ,,
796, 赤城博昭 , 山本崇一朗「からかい上手の高木さん」（小学館「ゲッサン」連載中） , 高野綾 ,
797,,,,
798, 北久保弘之 ,,,
799, 山本裕介 , 平尾アウリ（徳間書店 リュウコミックス） , 下谷智之、米澤優 ,
800, 茶麻 ,,,
801, 宮繁之 , 池波正太郎『鬼平犯科帳』（文春文庫） , 宮繁之 ,
802,,,,
803,,,,
804,,,,
805, 岡嶋国敏 , 池田仁男 , Studio OX,鈴木典孝 
806, Walt Disney , Ub Iwerks ,,
807,,,,
808, 内海紘子 , 吉田秋生「BANANA FISH」（小学館 フラワーコミックス刊） , 林明美 ,
809,,,,
810, 渡部高志 , 上遠野浩平 ,,
811, 小林智樹 , 久弥直樹 , 古賀誠 ,
812,,,,
813,,,,
814, 钱远达 阎善春 ,,,
815, 高柳滋仁 , 若木民喜 , 渡辺明夫 ,
816,,,,
817, 岡村天斎 , BONES、信本敬子 ,,
818, 遠藤卓司 , ヘッドギア ,,
819,,,,
820, 高橋良輔、TEAM FLAG ,,,
821,,,,
822,,,,
823, 小林治 , まつもと泉 ,,
824,,,,
825, 佐藤竜雄 ,,,
826, gimik、GONZO , 門之園恵美 ,,
827, 高村和宏 , 島田フミカネ&Projekt Kagonish , 高村和宏 ,
828, 武本康弘 , クール教信者（双葉社「月刊アクション」連載中） , 門脇未来 ,
829,,,,
830, 多田俊介 , 田中芳樹「銀河英雄伝説」（東京創元社） , 菊地洋子、寺岡巌、津島桂 ,
831, 春原ロビンソン ,,,
832, 押井守 , 押井守 , 天野喜孝 ,
833,,,,
834,,,,
835, 桜井弘明 ,,,
836,,,,
837, 舛成孝二 , ベサメムーチョ , 千葉崇洋 ,
838, 佐藤順一(47～59)、幾原邦彦 , 武内直子 , 只野和子 ,
839, 平野俊貴 , 平野俊貴・垣野内成美 , 門之園恵美 ,
840,,,,
841, 松尾衡 , PEACH-PIT (幻冬舎コミックス刊「月刊コミックバーズ」連載中) , 石井久美 ,
842, 夏目真悟 , オノ・ナツメ ,,
843, 河本昇悟 , 藤島康介“逮捕しちゃうぞ”（讲谈社“アフタヌーンKCDX”掲载） , 中嶋敦子 ,
844, 李夏、程腾 ,,,
845, 桜井弘明 , きゆづきさとこ , 渡辺敦子 ,
846, 亨利·塞利克 ,,,
847, 石原立也 , 虎虎（KAエスマ文庫,京都アニメーション） , 池田和美 
848, 水島努 , 安部真弘（秋田書店「週刊少年チャンピオン」連載） , 石川雅一 ,
849, 浜崎博嗣 ,,,
850, 桜井弘明 , 伊藤いづも,（芳文社「まんがタイムきららキャラット」連載） , 大塚舞 
851, 今川泰宏 , 山下明彦、小曽根正美 ,,
852, 川上稔 ,,,
853,,,,
854, 合田浩章 , 藤島康介 , 松原秀典 ,
855,,,,
856, 岡本英樹 , Cygames , 吉田南 ,
857, 小野学 , 小林立、五十嵐あぐり , 佐々木政勝 ,
858,,,,
859, 中村春菊 ,,,
860, 渡邊政治 , 長月達平 , 坂井久太 ,
861,,,,
862,,,,
863, 池田成→高松信司（クレジットなし） , 矢立肇、富野由悠季（『機動戦士ガンダム』より） ,,
864, 布拉德·伯德 , 简·皮克瓦 ,,
865, 夏目真悟 , 上遠野浩平 (電撃文庫 刊) , 澤田英彦 ,
866, 和ヶ原聡司 ,,,
867, 鍋島修 , 星野桂 , 守岡英行 ,
868, けらえいこ (KADOKAWA刊) , 大武正枝 ,,
869,,,,
870, 高橋慶太郎 ,,,
871, 浅香守生、大橋誉志光 , 藤田まり子 ,,
872,,,,
873, 鏑木ひろ(1-3)、米田和弘(4-) , 江口夏実 , 加藤寛崇(1-3)、お祭似郎(4-) ,
874, Chris McKay ,,,
875,,,,
876,,,,
877, 新房昭之 , 遠藤海成 , 守岡英行 ,
878,,,,
879, 荒川航 , 福地仁 ,,
880, 幾原邦彦 , 只野和子 ,,
881, 大友克洋 ,,,
882,,,,
883, 谷口悟朗 , 加藤裕美(动画人物设定) , 海老川兼武(机械人物设定) ,
884, 上村泰 , カルロ・ゼン(「幼女戦記」／KADOKAWA刊) , 細越裕治 ,
885,,,,
886, 大沼心 , 井上堅二 , 大島美和 ,
887,,,,
888,,,,
889, たかはし ひでやす（小学館「月刊コロコロコミック」連載中） ,,,
890, 芝山努 , 藤子・F・不二雄 ,,
891, 1990-12-24(英国) , Nick Park ,,
892, 小林智樹 , Leaf、アクアプラス , 中田正彦 ,
893, 加藤久仁生 ,,,
894, 汤山邦彦 , 田尻智、増田順一、杉森建 , 毛利和昭、松原徳弘、一石小百合 ,
895,,,,
896, 橋本みつお , しげの秀一 ,,
897, 橋本裕之 , Koi（芳文社「まんがタイムきららMAX」連載） , 奥田陽介 ,
898, 佐藤卓哉 , 高嶋ひろみ , 坂井久太 ,
899, 水島努 , 木尾士目 , 谷口淳一郎 ,
900,,,,
901, 今石洋之、伊藤尚往、摩砂雪 , 永井豪 ,,
902, 新房昭之 , 小林尽 , 大田和寛 ,
903, 小林雅仁 , 荻上直子 , Francesca Natale、Takashi Tateoka ,
904, 胡兆洪 尤磊 乔元正（第一话）刘惠仪（第二话）蔡渊兰（第三话）胡兆洪 朱冰（第四话） ,,,
905, 高橋良輔 , 高橋良輔 , 塩山紀生 ,
906, 河森正治 , 河森正治 ,,
907, たかはしみき（サンエックス） ソニー・マガジンズ刊 『こげぱん』絵本シリーズより ,,,
908, 藤田春香 , 暁佳奈（KAエスマ文庫／京都アニメーション） , 高瀬亜貴子 ,
909, 合田浩章 , 藤島康介 , 松原秀典 ,
910,,,,
911, 及川啓 , 桜場コハル , 田中誠輝 ,
912, 高村和宏 , 島田フミカネ&Projekt Kagonish , 高村和宏 ,
913,,,,
914, ほしかわたかふみ , 波部崇 ,,
915, 高雄統子 , 中村光 ,,
916, 松尾衡 , PEACH-PIT (幻冬舎コミックス刊「月刊コミックバーズ」連載中) , 石井久美 ,
917,,,,
918, マツダユカ , 未乃タイキ ,,
919, 安田刚士 , 岡勇一 ,,
920, 高柳滋仁 , 若木民喜 , 渡辺明夫 ,
921,,,,
922,,,,
923, 長崎健司 , あさのあつこ（YA!ENTERTAINMENT,講談社） ,
924, 塩谷直義 , 恩田尚之、浅野恭司 ,,
925,,,,
926, 石田祐康 ,,,
927, 難波日登志 , 桜庭一樹 , 川元利浩・富岡隆司 ,
928,,,,
929, 椎橋寛 ,,,
930, 小島正幸 , つくしあきひと , 黄瀬和哉 ,
931,,,,
932,,,,
933, 篠原俊哉 ,,,
934, 斎藤久 , 土塚理弘、五十嵐あぐり , 細田直人 ,
935, 浜名孝行 , 都築真紀 , 橋立佳奈 ,
936, 岡村天斎 , 加藤和恵 , 佐々木啓悟 ,
937,,,,
938, こだま兼嗣 , 青山剛昌 , 須藤昌朋 ,
939,,,,
940, 竹内友 ,,,
941, 常光希 ,,,
942, 桜井弘明 , きゆづきさとこ , 渡辺敦子 ,
943,,,,
944,,,,
945, 亀井幹太 , 丸戸史明 （ファンタジア文庫／株式会社KADOKAWA） , 高瀬智章 ,
946, 浜名孝行 , 有川浩 「図書館戦争」シリーズ(角川文庫刊) ,,
947, 加瀬充子 , オノ・ナツメ ,,
948, 山下宏幸 , 岸本斉史 , 岸本斉史、西尾鉄也、鈴木博文 ,
949,,,,
950,,,,
951, 林春柳 ,,,
952, ヤマザキコレ ,,,
953, 水島精二 , 勇人 , 大塚舞 ,
954, 小田扉 ,,,
955, 大地丙太郎 , 重野なおき（白泉社ヤングアニマル連載） , 山中純子 ,
956, 梶原一騎 , 香川久 ,,
957, ヤマザキコレ（マッグガーデン刊） ,,,
958,,,,
959, 富野由悠季 ,,,
960, 手冢治虫 ,,,
961, 佐藤卓哉 , 柳田義明、田中雄一 ,,
962, 元永慶太郎 , 創通／フィールズ ,,
963, 飯野慎也 , 稲垣理一郎・Boichi , 岩佐裕子 ,
964, 鈴木央 , 佐々木啓悟 小松麻美 ,,
965, 真野玲 , 小野不由美、いなだ詩穂（KCなかよし・講談社漫画文庫刊） ,,
966,,,,
967, 水島努 , 臼井儀人 , 末吉裕一郎 ,
968, Nick Park , Steve BOX ,,
969,,,,
970,,,,
971, Nora Twomey , Deborah Ellis ,,
972, 米たにヨシトモ , 附田祐斗・佐伯俊 ,,
973, 大森貴弘 , 成田良悟 ,,
974, 大地丙太郎 ,,,
975,,,,
976, 山田尚子 , 大今良時（講談社コミックス刊） , 西屋太志 ,
977, 森岡浩之 ,,,
978, 山本沙代 ,,,
979, kashmir『百合星人ナオコサン』（『月刊コミック電撃大王』連載） ,,,
980,,,,
981, タムラコータロー , あだちとか ,,
982,,,,
983, 高柳滋仁 , ブロッコリー ,,
984,,,,
985,,,,
986, 森高夕次(コージィ城倉)、アダチケイジ「グラゼニ」（モーニング , 講談社） ,,
987, Production I.G、Aniplex , 箸井地図 ,,
988, 谷口悟朗 ,,,
989, 福富博 , 藤子・F・不二雄 ,,
990, こだま兼嗣 , 青山剛昌 , 須藤昌朋 ,
991,,,,
992, ワタナベシンイチ , 石野聡 ,,
993, チームまなび部屋（平尾隆之、小笠原篤、金月龍之介、高橋タクロヲ） , ufotable , 小笠原篤（ビジュアルディレクター） ,
994, 增原光幸 ,,,
995, 河森正治 , スタジオぬえ , 美樹本晴彦 ,
996, Dorota Kobiela、Hugh Welchman ,,,
997, 佐藤順一 , 佐藤順一 , 飯塚晴子 ,
998, Brandon Vietti ,,,
999, 安藤真裕、塚田拓郎 , 岡田麿里,絵本奈央『荒ぶる季節の乙女どもよ。』（講談社「別冊少年マガジン」連載） , 石井かおり 
