,huashu
0,"
26话 "
1,"
26话 "
2,"
26话 "
3,"
24话 "
4,"
26话 "
5,"
1话 "
6,"
2话 "
7,"
4话 "
8,"
64话 "
9,"
22话 "
10,"
24话 "
11,"
51话 "
12,"
164话 "
13,"
101话 "
14,"
110话 "
15,"
201话 "
16,"
26话 "
17,"
10话 "
18,"
1话 "
19,"
1话 "
20,"
1话 "
21,"
1话 "
22,"
27话 "
23,"
10话 "
24,"
1话 "
25,"
1话 "
26,"
1话 "
27,"
25话 "
28,"
14话 "
29,"
10话 "
30,"
10话 "
31,"
26话 "
32,"
1话 "
33,"
10话 "
34,"
1999年10月20日 "
35,"
12话 "
36,"
24话 "
37,"
1话 "
38,"
50话 "
39,"
11话 "
40,"
10话 "
41,"
1话 "
42,"
11话 "
43,"
3话 "
44,"
6话 "
45,"
12话 "
46,"
1话 "
47,"
3话 "
48,"
1话 "
49,"
1话 "
50,"
12话 "
51,"
1话 "
52,"
26话 "
53,"
24话 "
54,"
25话 "
55,"
62话 "
56,"
74话 "
57,"
51话 "
58,"
1话 "
59,"
101话 "
60,"
51话 "
61,"
26话 "
62,"
25话 "
63,"
25话 "
64,"
75话 "
65,"
12话 "
66,"
10话 "
67,"
50话 "
68,"
1话 "
69,"
6话 "
70,"
1话 "
71,"
15话 "
72,"
13话 "
73,"
1话 "
74,"
13话 "
75,"
16话 "
76,"
2005年4月15日 "
77,"
1话 "
78,"
49话 "
79,"
26话 "
80,"
13话 "
81,"
22话 "
82,"
26话 "
83,"
1话 "
84,"
12话 "
85,"
35话 "
86,"
14话 "
87,"
13话 "
88,"
1话 "
89,"
6话 "
90,"
14话 "
91,"
8话 "
92,"
12话 "
93,"
13话 "
94,"
9话 "
95,"
153话 "
96,"
3话 "
97,"
25话 "
98,"
24话 "
99,"
20话 "
100,"
25话 "
101,"
1话 "
102,"
1话 "
103,"
1话 "
104,"
1话 "
105,"
1话 "
106,"
99话 "
107,"
24话 "
108,"
7话 "
109,"
1话 "
110,"
25话 "
111,"
12话 "
112,"
1话 "
113,"
12话 "
114,"
1话 "
115,"
11话 "
116,"
10话 "
117,"
1话 "
118,"
1话 "
119,"
1话 "
120,"
13话 "
121,"
12话 "
122,"
12话 "
123,"
13话 "
124,"
1话 "
125,"
6话 "
126,"
13话 "
127,"
1话 "
128,"
1话 "
129,"
13话 "
130,"
1话 "
131,"
26话 "
132,"
16话 "
133,"
26话 "
134,"
11话 "
135,"
51话 "
136,"
1话 "
137,"
1话 "
138,"
1话 "
139,"
1话 "
140,"
1话 "
141,"
70话 "
142,"
13话 "
143,"
26话 "
144,"
1话 "
145,"
26话 "
146,"
1话 "
147,"
1话 "
148,"
26话 "
149,"
1话 "
150,"
12话 "
151,"
22话 "
152,"
26话 "
153,"
1话 "
154,"
50话 "
155,"
6话 "
156,"
26话 "
157,"
23话 "
158,"
26话 "
159,"
25话 "
160,"
1话 "
161,"
26话 "
162,"
1话 "
163,"
1话 "
164,"
26话 "
165,"
12话 "
166,"
10话 "
167,"
21话 "
168,"
11话 "
169,"
8话 "
170,"
12话 "
171,"
1话 "
172,"
26话 "
173,"
1话 "
174,"
28话 "
175,"
26话 "
176,"
12话 "
177,"
1话 "
178,"
1话 "
179,"
39话 "
180,"
13话 "
181,"
2话 "
182,"
36话 "
183,"
13话 "
184,"
49话 "
185,"
14话 "
186,"
11话 "
187,"
12话 "
188,"
1话 "
189,"
25话 "
190,"
26话 "
191,"
26话 "
192,"
13话 "
193,"
1话 "
194,"
12话 "
195,"
13话 "
196,"
1话 "
197,"
1话 "
198,"
12话 "
199,"
26话 "
200,"
3话 "
201,"
224话 "
202,"
12话 "
203,"
13话 "
204,"
1话 "
205,"
12话 "
206,"
1话 "
207,"
27话 "
208,"
13话 "
209,"
1话 "
210,"
1话 "
211,"
12话 "
212,"
12话 "
213,"
13话 "
214,"
12话 "
215,"
1话 "
216,"
12话 "
217,"
12话 "
218,"
1话 "
219,"
26话 "
220,"
 26话 "
221,"
1话 "
222,"
5话 "
223,"
2话 "
224,"
12话 "
225,"
1话 "
226,"
26话 "
227,"
25话 "
228,"
13话 "
229,"
10话 "
230,"
12话 "
231,"
1话 "
232,"
1话 "
233,"
12话 "
234,"
1话 "
235,"
1话 "
236,"
12话 "
237,"
12话 "
238,"
12话 "
239,"
12话 "
240,"
112话 "
241,"
14话 "
242,"
8话 "
243,"
1话 "
244,"
1话 "
245,"
24话 "
246,"
12话 "
247,"
26话 "
248,"
12话 "
249,"
5话 "
250,"
12话 "
251,"
113话 "
252,"
1话 "
253,"
12话 "
254,"
13话 "
255,"
13话 "
256,"
1话 "
257,"
1话 "
258,"
1话 "
259,"
5话 "
260,"
24话 "
261,"
12话 "
262,"
7话 "
263,"
12话 "
264,"
26话 "
265,"
6话 "
266,"
1话 "
267,"
39话 "
268,"
49话 "
269,"
1话 "
270,"
24话 "
271,"
12话 "
272,"
10话 "
273,"
12话 "
274,"
 26话 "
275,"
1话 "
276,"
26话 "
277,"
12话 "
278,"
20话 "
279,"
1话 "
280,"
4话 "
281,"
148话 "
282,"
13话 "
283,"
13话 "
284,"
12话 "
285,"
12话 "
286,"
13话 "
287,"
1话 "
288,"
13话 "
289,"
13话 "
290,"
276话 "
291,"
49话 "
292,"
1话 "
293,"
12话 "
294,"
24话 "
295,"
12话 "
296,"
11话 "
297,"
11话 "
298,"
26话 "
299,"
13话 "
300,"
13话 "
301,"
5话 "
302,"
鶴巻和哉、中山勝一 "
303,"
3话 "
304,"
1话 "
305,"
96话 "
306,"
14话 "
307,"
13话 "
308,"
1话 "
309,"
38话 "
310,"
12话 "
311,"
12话 "
312,"
1话 "
313,"
1话 "
314,"
1话 "
315,"
154话 "
316,"
1话 "
317,"
4话 "
318,"
1话 "
319,"
12话 "
320,"
12话 "
321,"
12话 "
322,"
13话 "
323,"
98话 "
324,"
24话 "
325,"
1话 "
326,"
95话 "
327,"
1话 "
328,"
2话 "
329,"
 12话 "
330,"
26话 "
331,"
50话 "
332,"
40话 "
333,"
2话 "
334,"
26话 "
335,"
12话 "
336,"
155话 "
337,"
1话 "
338,"
2话 "
339,"
1话 "
340,"
13话 "
341,"
14话 "
342,"
13话 "
343,"
1话 "
344,"
2话 "
345,"
1话 "
346,"
13话 "
347,"
1话 "
348,"
193话 "
349,"
26话 "
350,"
12话 "
351,"
1话 "
352,"
12话 "
353,"
26话 "
354,"
127话 "
355,"
1996年1月8日 "
356,"
26话 "
357,"
13话 "
358,"
24话 "
359,"
1话 "
360,"
12话 "
361,"
11话 "
362,"
13话 "
363,"
1话 "
364,"
12话 "
365,"
7话 "
366,"
10话 "
367,"
26话 "
368,"
1话 "
369,"
52话 "
370,"
1话 "
371,"
14话 "
372,"
12话 "
373,"
109话 "
374,"
1话 "
375,"
2话 "
376,"
49话 "
377,"
1话 "
378,"
1话 "
379,"
1话 "
380,"
26话 "
381,"
13话 "
382,"
1话 "
383,"
12话 "
384,"
20话 "
385,"
13话 "
386,"
 25话 "
387,"
1话 "
388,"
1话 "
389,"
12话 "
390,"
26话 "
391,"
25话 "
392,"
13话 "
393,"
51话 "
394,"
1话 "
395,"
51话 "
396,"
14话 "
397,"
167话 "
398,"
1话 "
399,"
4话 "
400,"
1话 "
401,"
4话 "
402,"
1话 "
403,"
13话 "
404,"
12话 "
405,"
104话 "
406,"
2话 "
407,"
8话 "
408,"
25话 "
409,"
13话 "
410,"
12话 "
411,"
1话 "
412,"
12话 "
413,"
4话 "
414,"
49话 "
415,"
24话 "
416,"
1话 "
417,"
2话 "
418,"
20话 "
419,"
11话 "
420,"
26话 "
421,"
1话 "
422,"
7话 "
423,"
18话 "
424,"
1话 "
425,"
1话 "
426,"
6话 "
427,"
1话 "
428,"
13话 "
429,"
13话 "
430,"
12话 "
431,"
1话 "
432,"
1话 "
433,"
3话 "
434,"
1话 "
435,"
10话 "
436,"
11话 "
437,"
13话 "
438,"
2话 "
439,"
13话 "
440,"
23话 "
441,"
25话 "
442,"
3话 "
443,"
13话 "
444,"
4话 "
445,"
12话 "
446,"
25话 "
447,"
1话 "
448,"
1话 "
449,"
1话 "
450,"
11话 "
451,"
1话 "
452,"
1话 "
453,"
51话 "
454,"
52话 "
455,"
26话 "
456,"
22话 "
457,"
1话 "
458,"
13话 "
459,"
12话 "
460,"
1话 "
461,"
4话 "
462,"
1话 "
463,"
13话 "
464,"
1话 "
465,"
104话 "
466,"
12话 "
467,"
75话 "
468,"
2话 "
469,"
1话 "
470,"
1话 "
471,"
26话 "
472,"
26话 "
473,"
1话 "
474,"
12话 "
475,"
14话 "
476,"
24话 "
477,"
1话 "
478,"
26话 "
479,"
2话 "
480,"
4话 "
481,"
2话 "
482,"
17话 "
483,"
12话 "
484,"
26话 "
485,"
1话 "
486,"
5话 "
487,"
3话 "
488,"
114话 "
489,"
1话 "
490,"
14话 "
491,"
4话 "
492,"
1话 "
493,"
52话 "
494,"
25话 "
495,"
39话 "
496,"
1话 "
497,"
89话 "
498,"
12话 "
499,"
13话 "
500,"
13话 "
501,"
24话 "
502,"
49话 "
503,"
218话 "
504,"
26话 "
505,"
13话 "
506,"
9话 "
507,"
11话 "
508,"
4话 "
509,"
1话 "
510,"
1话 "
511,"
26话 "
512,"
1话 "
513,"
8话 "
514,"
12话 "
515,"
3话 "
516,"
13话 "
517,"
12话 "
518,"
13话 "
519,"
1话 "
520,"
1话 "
521,"
1话 "
522,"
18话 "
523,"
1话 "
524,"
13话 "
525,"
11话 "
526,"
1话 "
527,"
52话 "
528,"
1话 "
529,"
1话 "
530,"
6话 "
531,"
26话 "
532,"
1话 "
533,"
98话 "
534,"
2话 "
535,"
13话 "
536,"
26话 "
537,"
13话 "
538,"
51话 "
539,"
13话 "
540,"
1话 "
541,"
9话 "
542,"
24话 "
543,"
50话 "
544,"
25话 "
545,"
1话 "
546,"
2话 "
547,"
13话 "
548,"
1话 "
549,"
2话 "
550,"
78话 "
551,"
24话 "
552,"
4话 "
553,"
14话 "
554,"
10话 "
555,"
25话 "
556,"
 1话 "
557,"
10话 "
558,"
1话 "
559,"
4话 "
560,"
13话 "
561,"
1话 "
562,"
1话 "
563,"
1话 "
564,"
51话 "
565,"
13话 "
566,"
51话 "
567,"
17话 "
568,"
12话 "
569,"
1话 "
570,"
1话 "
571,"
25话 "
572,"
13话 "
573,"
1话 "
574,"
12话 "
575,"
1话 "
576,"
24话 "
577,"
1话 "
578,"
12话 "
579,"
13话 "
580,"
26话 "
581,"
1话 "
582,"
1话 "
583,"
1话 "
584,"
1话 "
585,"
13话 "
586,"
17话 "
587,"
26话 "
588,"
1话 "
589,"
13话 "
590,"
13话 "
591,"
12话 "
592,"
1话 "
593,"
13话 "
594,"
13话 "
595,"
1话 "
596,"
192话 "
597,"
1话 "
598,"
1话 "
599,"
12话 "
600,"
12话 "
601,"
5话 "
602,"
1话 "
603,"
1话 "
604,"
1话 "
605,"
50话 "
606,"
1话 "
607,"
17话 "
608,"
5话 "
609,"
1话 "
610,"
12话 "
611,"
16话 "
612,"
13话 "
613,"
1话 "
614,"
34话 "
615,"
12话 "
616,"
1话 "
617,"
48话 "
618,"
11话 "
619,"
10话 "
620,"
8话 "
621,"
1话 "
622,"
24话 "
623,"
102话 "
624,"
1话 "
625,"
2话 "
626,"
12话 "
627,"
26话 "
628,"
38话 "
629,"
143话 "
630,"
1话 "
631,"
46话 "
632,"
12话 "
633,"
3话 "
634,"
2话 "
635,"
13话 "
636,"
47话 "
637,"
14话 "
638,"
1话 "
639,"
1话 "
640,"
4话 "
641,"
1话 "
642,"
13话 "
643,"
1话 "
644,"
12话 "
645,"
2话 "
646,"
25话 "
647,"
191话 "
648,"
1话 "
649,"
13话 "
650,"
1话 "
651,"
10话 "
652,"
92话 "
653,"
1话 "
654,"
11话 "
655,"
12话 "
656,"
1话 "
657,"
1话 "
658,"
13话 "
659,"
1话 "
660,"
13话 "
661,"
6话 "
662,"
1话 "
663,"
12话 "
664,"
13话 "
665,"
1话 "
666,"
24话 "
667,"
175话 "
668,"
26话 "
669,"
12话 "
670,"
61话 "
671,"
1话 "
672,"
1话 "
673,"
11话 "
674,"
1话 "
675,"
13话 "
676,"
24话 "
677,"
26话 "
678,"
1话 "
679,"
12话 "
680,"
500话 "
681,"
13话 "
682,"
13话 "
683,"
38话 "
684,"
4话 "
685,"
13话 "
686,"
1话 "
687,"
52话 "
688,"
4话 "
689,"
46话 "
690,"
63话 "
691,"
1话 "
692,"
1话 "
693,"
1话 "
694,"
1话 "
695,"
1话 "
696,"
24话 "
697,"
48话 "
698,"
1话 "
699,"
1话 "
700,"
26话 "
701,"
50话 "
702,"
26话 "
703,"
1话 "
704,"
4话 "
705,"
220话 "
706,"
9话 "
707,"
12话 "
708,"
1话 "
709,"
13话 "
710,"
1话 "
711,"
5话 "
712,"
1话 "
713,"
1话 "
714,"
8话 "
715,"
5话 "
716,"
26话 "
717,"
13话 "
718,"
2话 "
719,"
23话 "
720,"
12话 "
721,"
13话 "
722,"
2话 "
723,"
1话 "
724,"
19话 "
725,"
1话 "
726,"
1话 "
727,"
13话 "
728,"
26话 "
729,"
26话 "
730,"
14话 "
731,"
1话 "
732,"
1话 "
733,"
39话 "
734,"
8话 "
735,"
20话 "
736,"
27话 "
737,"
13话 "
738,"
1话 "
739,"
45话 "
740,"
13话 "
741,"
10话 "
742,"
26话 "
743,"
1话 "
744,"
2话 "
745,"
2话 "
746,"
13话 "
747,"
1话 "
748,"
13话 "
749,"
50话 "
750,"
25话 "
751,"
1话 "
752,"
13话 "
753,"
12话 "
754,"
2话 "
755,"
5话 "
756,"
13话 "
757,"
1话 "
758,"
12话 "
759,"
1话 "
760,"
1话 "
761,"
203话 "
762,"
1话 "
763,"
12话 "
764,"
25话 "
765,"
1话 "
766,"
3话 "
767,"
1话 "
768,"
1话 "
769,"
12话 "
770,"
12话 "
771,"
13话 "
772,"
1话 "
773,"
25话 "
774,"
1话 "
775,"
26话 "
776,"
1话 "
777,"
73话 "
778,"
1话 "
779,"
1话 "
780,"
50话 "
781,"
4话 "
782,"
1话 "
783,"
13话 "
784,"
13话 "
785,"
1话 "
786,"
13话 "
787,"
1话 "
788,"
48话 "
789,"
13话 "
790,"
1话 "
791,"
64话 "
792,"
26话 "
793,"
26话 "
794,"
3话 "
795,"
4话 "
796,"
12话 "
797,"
13话 "
798,"
1话 "
799,"
12话 "
800,"
12话 "
801,"
13话 "
802,"
33话 "
803,"
25话 "
804,"
1话 "
805,"
39话 "
806,"
1话 "
807,"
1话 "
808,"
24话 "
809,"
6话 "
810,"
12话 "
811,"
13话 "
812,"
12话 "
813,"
16话 "
814,"
13话 "
815,"
12话 "
816,"
4话 "
817,"
4话 "
818,"
1话 "
819,"
26话 "
820,"
13话 "
821,"
14话 "
822,"
142话 "
823,"
48话 "
824,"
1话 "
825,"
26话 "
826,"
24话 "
827,"
1话 "
828,"
13话 "
829,"
1话 "
830,"
12话 "
831,"
13话 "
832,"
1话 "
833,"
24话 "
834,"
1话 "
835,"
1话 "
836,"
1话 "
837,"
16话 "
838,"
43话 "
839,"
26话 "
840,"
1话 "
841,"
12话 "
842,"
12话 "
843,"
26话 "
844,"
1话 "
845,"
1话 "
846,"
1话 "
847,"
13话 "
848,"
12话 "
849,"
22话 "
850,"
12话 "
851,"
7话 "
852,"
13话 "
853,"
86话 "
854,"
1话 "
855,"
8话 "
856,"
10话 "
857,"
16话 "
858,"
24话 "
859,"
4话 "
860,"
25话 "
861,"
1话 "
862,"
1话 "
863,"
49话 "
864,"
1话 "
865,"
18话 "
866,"
13话 "
867,"
103话 "
868,"
26话 "
869,"
4话 "
870,"
12话 "
871,"
26话 "
872,"
1话 "
873,"
4话 "
874,"
1话 "
875,"
214话 "
876,"
1话 "
877,"
12话 "
878,"
1话 "
879,"
13话 "
880,"
1话 "
881,"
1话 "
882,"
13话 "
883,"
12话 "
884,"
12话 "
885,"
4话 "
886,"
2话 "
887,"
1话 "
888,"
51话 "
889,"
13话 "
890,"
1话 "
891,"
1话 "
892,"
26话 "
893,"
7话 "
894,"
1话 "
895,"
65话 "
896,"
14话 "
897,"
1话 "
898,"
1话 "
899,"
1话 "
900,"
1话 "
901,"
3话 "
902,"
13话 "
903,"
13话 "
904,"
4话 "
905,"
1话 "
906,"
1话 "
907,"
10话 "
908,"
1话 "
909,"
24话 "
910,"
1话 "
911,"
13话 "
912,"
12话 "
913,"
1话 "
914,"
1话 "
915,"
1话 "
916,"
2话 "
917,"
50话 "
918,"
40话 "
919,"
26话 "
920,"
12话 "
921,"
1话 "
922,"
40话 "
923,"
11话 "
924,"
1话 "
925,"
13话 "
926,"
1话 "
927,"
24话 "
928,"
12话 "
929,"
26话 "
930,"
1话 "
931,"
48话 "
932,"
22话 "
933,"
1话 "
934,"
26话 "
935,"
1话 "
936,"
25话 "
937,"
1话 "
938,"
1话 "
939,"
50话 "
940,"
24话 "
941,"
1话 "
942,"
12话 "
943,"
12话 "
944,"
7话 "
945,"
13话 "
946,"
1话 "
947,"
11话 "
948,"
1话 "
949,"
1话 "
950,"
1话 "
951,"
12话 "
952,"
24话 "
953,"
12话 "
954,"
78话 "
955,"
26话 "
956,"
38话 "
957,"
3话 "
958,"
1话 "
959,"
1话 "
960,"
17话 "
961,"
13话 "
962,"
1话 "
963,"
24话 "
964,"
24话 "
965,"
25话 "
966,"
25话 "
967,"
1话 "
968,"
1话 "
969,"
1话 "
970,"
1话 "
971,"
1话 "
972,"
13话 "
973,"
12话 "
974,"
2话 "
975,"
-序- 中文版：2014年11月15日、-序- 日文版：2014年11月24日、-月- 日文版：2015年12月30日等 "
976,"
1话 "
977,"
1话 "
978,"
12话 "
979,"
1话 "
980,"
3话 "
981,"
13话 "
982,"
19话 "
983,"
26话 "
984,"
2话 "
985,"
26话 "
986,"
12话 "
987,"
50话 "
988,"
26话 "
989,"
1话 "
990,"
1话 "
991,"
24话 "
992,"
26话 "
993,"
13话 "
994,"
1话 "
995,"
1话 "
996,"
1话 "
997,"
1话 "
998,"
1话 "
999,"
12话 "
