,jiandu
0,渡边信一郎
1,神山健治
2,神山健治
3,石原立也
4,庵野秀明
5,押井守
6,鹤卷和哉
7,入江泰浩
8,古桥一浩
9,新房昭之
10,西泽信孝
11,藤田阳一
12,水岛努
13, 
14,石黑升
15,高松信司
16,长滨博史
17,肥冢正史
18,押井守
19,今敏
20,鹤卷和哉
21,武本康弘
22,今石洋之
23,押井守
24,贾斯汀
25,宫崎骏
26,佐藤卓哉
27,今敏
28,佐藤顺一
29,长滨博史
30,渡边信一郎
31,贾斯汀
32,万嘉综
33,长滨博史
34,笠井贤一
35,长井龙雪
36,宇田钢之介
37,富野由悠季
38,宫崎骏
39,满仲劝
40,贾斯汀
41,押井守
42,高山文彦
43,汤浅政明
44,新房昭之
45,佐藤顺一
46,今敏
47,庵野秀明
48,荒木哲郎
49,山田尚子
50,水岛努
51,汤浅政明
52,石原立也
53,
54,几原邦彦
55,宫崎骏
56,神山健治
57,平尾隆之
58,富野由悠季
59,畠山守
60,津田尚克
61,石原立也
62,小岛正幸
63,古桥一浩
64,满仲劝
65,水岛精二
66,宫崎骏
67,前田庸生
68,佐藤顺一
69,谷口悟朗
70,藤田阳一
71,角铜博之
72,谷口悟朗
73,浅香守生
74,鹤卷和哉
75,秋田谷典昭
76,小林常夫
77,宫本幸裕
78,渡边信一郎
79,摩砂雪
80,佐藤顺一
81,西泽晋
82,长滨博史
83,富野由悠季
84,新房昭之
85,中村健治
86,所智一
87,大森贵弘
88,庵野秀明
89,安德鲁
90,大森贵弘
91,夏目真悟
92,长滨博史
93,野村和也
94,善聪一郎
95,佐藤顺一
96,津田尚克
97,鹤卷和哉
98,石塚敦子
99,新房昭之
100,长峰达也
101,今敏
102,石滨真史
103,小岛正幸
104,武本康弘
105,水岛努
106,水岛努
107,李圳宜
108,宫崎骏
109,矶光雄
110,汤浅政明
111,古桥一浩
112,石原立也
113,鹤卷和哉
114,石原立也
115,几原邦彦
116,嵯峨敏
117,武本康弘
118,佐藤顺一
119,京极义昭
120,立川让
121,石原立也
122,山本宽
123,山川吉树
124,青木英
125,谷口悟朗
126,薮田修平
127,满仲劝
128,森本晃司
129,畠山守
130,冈崎稔
131,今石洋之
132,秋田谷典昭
133,押井守
134, 
135,山本裕介
136,津田尚克
137,亚历山大
138,渡边步
139,板村智幸
140,汤浅政明
141,冲浦启之
142,长井龙雪
143,特伟
144,京田知己
145,宫胁千鹤
146,汤浅政明
147,浅香守生
148,新海诚
149,今千秋
150,木村泰大
151,前田真宏
152,神山健治
153,龟井干太
154,
155,汤浅政明
156,瀧沢進介
157,大沼心
158,夏目真悟
159,大森贵弘
160,石原立也
161,神山健治
162,石黑升
163,神山健治
164,大森贵弘
165,肥冢正史
166,饭田马之介
167,高桥良辅
168,石原立也
169,五十岚卓哉
170,中村隆太郎
171,加藤久仁生
172,今敏
173,原惠一
174,今石洋之
175,富冈聪
176,今西隆志
177,罗杰
178,细田守
179,吉永尚之
180,
181,今千秋
182,大森贵弘
183,五十岚卓哉
184,出合小都美
185,尾石达也
186,佐藤顺一
187,泷泽敏文
188,新海诚
189,高畑勋
190,浅香守生
191,大地丙太郎
192,夏目真悟
193,鲍勃
194,板村智幸
195,今西隆志
196,片渊须直
197,高松信司
198,几原邦彦
199,宫崎骏
200,谷口悟朗
201,
202,细田守
203,大森贵弘
204,山田尚子
205,石黑恭平
206,浅香守生
207,尾崎隆晴
208,小船井充
209,细田守
210,佐藤龙雄
211,笠井贤一
212,大沼心
213,秋田谷典昭
214,锦织敦史
215,押井守
216,神山健治
217,青木英
218,西尾大介
219,津田尚克
220,川面真也
221,川面真也
222,高松信司
223,冈村天斋
224,富野由悠季
225,西维亚
226,今石洋之
227,伊森
228,伊藤智彦
229,汤浅政明
230,川面真也
231,山口祐司
232,河本升悟
233,岸诚二
234,佐藤雄三
235,宫本幸裕
236,高松信司
237,小池健
238,章平
239,川面真也
240,小川太一
241,松本刚彦
242,石塚敦子
243,神志那弘志
244,神户守
245,阿部记之
246,安藤真裕
247,武本康弘
248,渡部高志
249,
250,樋口真嗣
251,水岛努
252,
253,石黑升
254,羽原信义
255,根岸弘
256,关田修
257,新房昭之
258,
259,佐藤龙雄
260,吉原正行
261,山田尚子
262,荒木哲郎
263,加藤敏幸
264,西维亚
265,金崎贵臣
266,
267,
268,大友克洋
269,今千秋
270,畠山守
271,伊森
272,今石洋之
273,神户守
274,吉永尚之
275,渡边信一郎
276,近藤喜文
277,亚当
278,大地丙太郎
279, 
280,山田尚子
281,片山一良
282,川尻善昭
283,大地丙太郎
284,杉岛邦久
285,须藤友德
286,境宗久
287,富冈聪
288,山川吉树
289,羽原信义
290,片渊须直
291,藤田阳一
292,武本康弘
293,山崎光惠
294,高桥直人
295,洼冈俊之
296,高松信司
297,千明孝一
298,山川吉树
299,古川知宏
300, 
301,中村隆太郎
302,野中卓也
303,石原立也
304,草川启造
305,羽山淳一
306,水岛努
307,贝泽幸男
308,水岛努
309,濑下宽之
310,岸诚二
311,福岛宏之
312,原田奈奈
313,弗雷德里克
314,佐藤雄三
315,山贺博之
316,宫崎骏
317,吉浦康裕
318,武本康弘
319,
320,刘北
321,李阳
322,吉浦康裕
323,安藤正臣
324,岸诚二
325,尾石达也
326,水岛努
327,达纪
328,佐藤雄三
329,佐藤卓哉
330,须藤友德
331,滨崎博嗣
332,阿部记之
333,宫本幸裕
334,水岛努
335,盐谷直义
336,佐藤敬一
337,新房昭之
338,
339,川村贤一
340,
341,高桥丈夫
342,
343,福岛宏之
344,宫崎骏
345,佐藤真人
346,水岛努
347,望月智充
348,渡部高志
349,浅香守生
350,畠山守
351,吉本欣司
352,小林治
353,片渊须直
354,泷口祯一
355,肥冢正史
356,吉泽孝男
357,矢野雄一郎
358,长滨博史
359,山田尚子
360,里奇
361,京极尚彦
362,福岛宏之
363,小岛正幸
364,大仓雅彦
365,小川优树
366,长井龙雪
367,柴田彰久
368,
369,清水健一
370,立川让
371,新房昭之
372,石原立也
373,锦织博
374,锦织敦史
375,古桥一浩
376,佐藤顺一
377,真下耕一
378,长冈康史
379,出崎统
380,加藤敏幸
381,大地丙太郎
382,静野孔文
383,新房昭之
384,佐藤顺一
385,
386,八角哲夫
387,
388,水岛努
389,新房昭之
390,都留稔幸
391,池端隆史
392,押井守
393,胡进庆
394,藤森雅也
395,佐藤雄三
396,川越淳
397,伊森
398,水岛努
399,吉原正行
400,草川启造
401,
402,大地丙太郎
403,蒙蒂
404,羽原信义
405,新房昭之
406,橘正纪
407,加藤诚
408,鹤卷和哉
409,洼冈俊之
410,西尾大介
411,西村聪
412,新房昭之
413,浅香守生
414,儿玉兼嗣
415,千明孝一
416,今千秋
417,新房昭之
418,日高政光
419,田中裕太
420,米谷良知
421,藤原佳幸
422,青木英
423,福田己津央
424,
425,盐谷直义
426,福岛宏之
427,佐藤龙雄
428,镝木宏
429,高桥丈夫
430,大地丙太郎
431,
432,佐藤卓哉
433,尾石达也
434,渡边信一郎
435,山崎和男
436,小野胜巳
437,水岛努
438,松本理惠
439,李圳宜
440,龙轮直征
441,
442,永丘昭典
443,宫崎骏
444,元永庆太郎
445,青木英
446,细田守
447,彼特
448,今西隆志
449,森胁真琴
450,青木英
451,新房昭之
452,云林
453,杨
454,本乡满
455,镝木宏
456,松见真一
457,望月智充
458,兹德内克
459,木头
460,川口敬一郎
461,大地丙太郎
462,林佑一郎
463,所智一
464,
465,五十岚卓哉
466,古桥一浩
467,渡部高志
468,村野佑太
469,高畑勋
470,佐藤卓哉
471,
472,木崎文智
473,
474, 
475,新房昭之
476,出崎统
477,今敏
478,林重行
479,望月智充
480,
481,鹤卷和哉
482,山本裕介
483,新房昭之
484,野村哲也
485,
486,石黑升
487,山内重保
488,太田雅彦
489,庵野秀明
490,和田纯一
491,白旗伸朗
492,伊藤智彦
493,石黑升
494,石原立也
495,赤城博昭
496,山本沙代
497,秋山胜仁
498,新房昭之
499,太田雅彦
500,
501,手冢治虫
502,儿玉兼嗣
503,樱井弘明
504,三塚雅人
505,石原立也
506,新房昭之
507,洼冈俊之
508,出渊裕
509,
510,水岛努
511,水岛努
512,新房昭之
513,西森章
514,严定宪
515,及川启
516,长冈康史
517,水岛努
518,原惠一
519,芦田丰雄
520,
521,阿里
522,三泽伸
523,山崎理
524,石馆光太郎
525,大塚隆史
526,神山健治
527,押井守
528,汤浅政明
529,庵野秀明
530,
531,吉成曜
532,岸诚二
533,福山庸治
534,高松信司
535,松川智充
536,须藤友德
537,吉成曜
538,长冈康史
539,
540,曲建方
541,远藤彻哉
542,高坂希太郎
543,宍户淳
544,出崎统
545,神户守
546,五十岚卓哉
547,彼特
548,板村智幸
549,板村智幸
550,富野由悠季
551,吉成曜
552,
553,大槻敦史
554,
555,若林汉二
556,小野学
557,
558,樋口雅一
559,汤山邦彦
560,池田成
561,今西隆志
562,
563,水岛努
564,渡边信一郎
565,今西隆志
566,高畑勋
567,
568,儿玉兼嗣
569,富野由悠季
570,增原光幸
571,岸诚二
572,冈村天斋
573,小岛正幸
574,高畑勋
575,西村纯二
576,新房昭之
577,增原光幸
578,
579,浅香守生
580,佐藤雅子
581,长崎健司
582,五十岚卓哉
583,浅香守生
584,赤井俊文
585,摩砂雪
586,福田己津央
587,西村纯二
588,草川启造
589,亨利
590,杰伊
591,石黑升
592,畠山守
593,水岛努
594,川面真也
595,菱田正和
596,古桥一浩
597,山内重保
598,迈克尔
599,福田己津央
600,细田守
601,押井守
602,新房昭之
603,三瓶圣
604,今川泰宏
605,石田佑康
606,押山清高
607,田中裕太
608,富野由悠季
609,须田裕美子
610, 
611,芝山努
612,
613, 
614,山崎和男
615,西村纯二
616,川面真也
617,特伟
618,福田己津央
619,中村健治
620,
621,樱井弘明
622,
623,高畑勋
624,山本裕介
625, 
626,金崎贵臣
627,渡部高志
628,今千秋
629,神志那弘志
630,小池健
631,水岛努
632,富野由悠季
633,今泽哲男
634,
635,金泽洪充
636,出合小都美
637,水岛精二
638,顾汉昌
639,小野学
640,安藤真裕
641,长冈康史
642,樱美胜志
643,平池芳正
644,多田俊介
645,三浦贵博
646,今西隆志
647,时音
648,吉村爱
649,金泽洪充
650,米林宏昌
651,浅香守生
652,水岛努
653,宫崎骏
654,
655,石原立也
656,渡边浩
657,黑柳利充
658,大森贵弘
659,
660,今西隆志
661,汤姆
662,网野哲郎
663,工藤进
664,长井龙雪
665,安藤真裕
666,太田雅彦
667,山本沙代
668,增原光幸
669,
670,森田宏幸
671,特雷
672,今石洋之
673,
674,
675, 
676,工藤进
677,白旗伸朗
678,高柳滋仁
679,蒙蒂
680,
681,青木康直
682,增原光幸
683,高畑勋
684,白旗伸朗
685,渡边信一郎
686,青木英
687,
688,柿本广大
689,津田尚克
690,
691,山川吉树
692,今西隆志
693,西村聪
694,森下孝三
695,水岛努
696,大地丙太郎
697,桥本裕之
698, 
699,新房昭之
700,上坪亮树
701,铃木行
702,渡部稳宽
703,
704,石立太一
705,
706,富冈聪
707,今西隆志
708,松尾衡
709,水岛精二
710,金泽洪充
711,小坂知
712,中村章子
713,山贺博之
714,松本零士
715, 
716,太田雅彦
717,青木英
718,小岛正幸
719,石塚敦子
720,三浦贵博
721,木村隆一
722,达纪
723,森本晃司
724,河森正治
725,大地丙太郎
726,外崎春雄
727,武本康弘
728,渡边步
729,富野由悠季
730,长井龙雪
731,山本裕介
732,岸诚二
733,出合小都美
734,木上益治
735,
736,今石洋之
737,金泽洪充
738,桥本光夫
739,
740,金泽洪充
741,大森贵弘
742,宫崎骏
743,新海诚
744,
745,西村纯二
746,镰仓由实
747,
748,藤原佳幸
749,辻初树
750,
751,出合小都美
752,寺本幸代
753,黒田昌郎
754,水岛精二
755,宫本浩史
756,富野由悠季
757,雨宫哲
758,舛成孝二
759,
760,李智勇
761,高桥涉
762,羽原信义
763,儿玉兼嗣
764,汤山邦彦
765,樱井弘明
766,三浦贵博
767,芝山努
768,渡边浩
769,星川孝文
770,畑博之
771,林重行
772,
773,白旗伸朗
774,寺本幸代
775,
776,饭村正之
777,田中裕太
778,
779,林文肖
780,
781,下田正美
782,井内秀治
783,多田俊介
784,及川启
785,案纳正美
786,芝山努
787,
788,明比正行
789,中村亮介
790,樱井弘明
791,筱原俊哉
792,中村哲冶
793,石平信司
794,前田真宏
795,宮地昌幸
796,水岛努
797,水岛精二
798,
799,鹤卷和哉
800,韦斯
801,北久保弘之
802,冈村天斋
803,增原光幸
804,长井龙雪
805,金崎贵臣
806,森胁真琴
807,森健
808,西泽信孝
809,冈田麿里
810,笠井贤一
811,富安大贵
812,山内重保
813,虞雅婷
814,
815,蒂姆
816,五十岚卓哉
817,滨名孝行
818,铃木行
819,富野由悠季
820,福岛利规
821,藤原佳幸
822,富安大贵
823,杰伊
824,金崎贵臣
825,
826,岸诚二
827,富冈聪
828,青木康直
829,
830,平牧大辅
831,武本康弘
832,滨津守
833,渡边步
834,藤田阳一
835,雨宫哲
836,大沼心
837,小野胜巳
838,近藤光
839,五十岚卓哉
840,水岛努
841,清水惠藏
842,金泽洪充
843,红优
844,老王
845,青木英
846,工藤进
847,木上益治
848,新海诚
849,森胁真琴
850,锅岛修
851,珍妮佛
852,水岛精二
853,笹原和也
854,
855,宫胁千鹤
856,高坂希太郎
857, 
858,川面真也
859,政木伸一
860,杉井仪三郎
861,古桥一浩
862,田中洋之
863,奥胁雅晴
864,李豪凌
865,汤山邦彦
866,森山洋
867,西村聪
868,岸诚二
869,迪恩
870,吉浦康裕
871,宇田钢之介
872,富冈聪
873,今西隆志
874,富野由悠季
875,五十岚卓哉
876,今石洋之
877,河森正治
878,鉄拳
879,笠井贤一
880,石馆光太郎
881,安藤正臣
882,浅香守生
883,长峰达也
884,安浓高志
885,石原立也
886,富永恒雄
887,安藤裕章
888,杉井仪三郎
889,玛嘉
890,松本理惠
891,合田浩章
892,中村隆太郎
893,饺克力
894,水岛精二
895,出合小都美
896,今千秋
897,吉浦康裕
898,五十岚卓哉
899,矢野雄一郎
900,大塚隆史
901,蒙蒂
902,森田宏幸
903,山川吉树
904,何小疯
905,渡部高志
906,
907,冈本英树
908,小野学
909,王往
910,岸诚二
911,网野哲郎
912,松本佳久
913,河村智之
914,北久保弘之
915,多田俊介
916,须藤典彦
917,今千秋
918,西久保瑞穗
919,八木龙一
920,芝山努
921,铃木利正
922,小林治
923,大地丙太郎
924,原田孝宏
925,小坂知
926,山本靖贵
927,井内秀治
928,山本裕介
929,
930,五十岚卓哉
931,佐藤顺一
932,
933,秋山胜仁
934,森胁真琴
935,笠井贤一
936,
937,
938,森井健史郎
939,
940,太田雅彦
941,增井壮一
942,多田俊介
943,难波日登志
944,水岛努
945,五十岚卓哉
946,渡边政治
947,菊地康仁
948,境宗久
949,
950, 
951,菅原壮太
952,阿内
953,高桥良辅
954,加藤敏幸
955,神山健治
956,大原实
957,水岛精二
958,川口敬一郎
959,网野哲郎
960,大地丙太郎
961,水岛努
962,平池芳正
963,矢嶋哲生
964,新房昭之
965,片渊须直
966,西村聪
967,川尻善昭
968,佐藤敬一
969,
970,小林常夫
971,水岛努
972,志水淳儿
973,新房昭之
974,佐藤顺一
975,
976,水岛努
977,小池健
978,迈克尔
979,富士川佑辅
980,米谷良知
981,
982,安彦良和
983,汤姆
984,川口敬一郎
985,宫岛星矢
986,池田成
987,石黑升
988,锅岛修
989,汤山邦彦
990,石平信司
991,橘正纪
992,板村智幸
993,长井龙雪
994,矢野雄一郎
995,渡边彻明
996,山贺博之
997,山内重保
998,谢立文
999,几原邦彦
1000,矢野孝典
1001,柿本广大
1002,平田敏夫
1003,谷口悟朗
1004,津田尚克
1005,
1006,约翰
1007,渡边正树
1008,芝山努
1009,严定宪
1010,石黑升
1011,高桥良辅
1012,陈家奇
1013,大塚隆史
1014,杨凯华
1015,平尾隆之
1016,橘正纪
1017,伊达勇登
1018,松本理惠
1019,手冢真
1020,佐藤顺一
1021,今川泰宏
1022,川口敬一郎
1023,
1024,
1025,角铜博之
1026,高木淳
1027,志水淳儿
1028,福田己津央
1029, 
1030,大地丙太郎
1031,水岛努
1032,中村健治
1033,中村隆太郎
1034,川口敬一郎
1035,冈村天斋
1036,笠井贤一
1037, 
1038,福田己津央
1039,村濑修功
1040,金泽洪充
1041,板村智幸
1042,西尾大介
1043,新房昭之
1044,北久保弘之
1045,望月智充
1046,畑博之
1047,
1048,佐藤顺一
1049,长崎健司
1050,加濑充子
1051,大森贵弘
1052,高桥良辅
1053,伊达勇登
1054,大槻敦史
1055,及川启
1056,川口敬一郎
1057,宫崎骏
1058,
1059,芝山努
1060,石塚敦子
1061,原惠一
1062,芝山努
1063,大槻敦史
1064,大友克洋
1065,笠井贤一
1066,
1067,中村亮介
1068,佐藤龙雄
1069,锅岛修
1070,中西伸彰
1071,约翰
1072,芝山努
1073,
1074,濑下宽之
1075,富野由悠季
1076,渡边步
1077,案纳正美
1078,富野喜幸
1079,小原正和
1080,角铜博之
1081,芝山努
1082,
1083,高松信司
1084,山贺博之
1085,岩永彰
1086,浅香守生
1087,安藤裕章
1088,
1089,
1090,万球
1091,长井龙雪
1092,伊藤尚往
1093,何小疯
1094,岸诚二
1095,新房昭之
1096,山贺博之
1097,
1098,大脊户聪
1099,今泉贤一
1100,畑博之
1101,几原邦彦
1102,蔡志军
1103,笠井贤一
1104,笠井贤一
1105,伊藤尚往
1106,高桥良辅
1107,新海诚
1108,戴铁郎
1109,及川启
1110,水岛努
1111,石原立也
1112,佐山圣子
1113,今千秋
1114,草川启造
1115,万球
1116,荒川航
1117,
1118,岩井俊二
1119,原惠一
1120,五十岚达也
1121,山口史嗣
1122,山本宽
1123,静野孔文
1124,高雄统子
1125,押井守
1126,泷口祯一
1127,大森贵弘
1128,松尾衡
1129,桥本裕之
1130,
1131,滨津守
1132,
1133,津田尚克
1134,天冲
1135,高桥直人
1136,岩崎良明
1137,岸诚二
1138,神山健治
1139, 
1140,
1141,石馆光太郎
1142,真下耕一
1143,长峰达也
1144,福田己津央
1145,长峰达也
1146,高松信司
1147,镝木宏
1148,出崎统
1149,岸诚二
1150,小岛正幸
1151,高雄统子
1152,青木康直
1153,贝泽幸男
1154,锅岛修
1155,武本康弘
1156,儿玉兼嗣
1157,大畑晃一
1158,筱原俊哉
1159,大沼心
1160,赤城博昭
1161,中村健治
1162,高桥直人
1163,天冲
1164,小林常夫
1165,稻垣隆行
1166,三浦贵博
1167,细田直人
1168,水岛精二
1169,菅原壮太
1170,杰伊
1171,石黑升
1172,石黑升
1173,多田俊介
1174,桥本昌和
1175, 
1176,
1177,村田雅彦
1178,北久保弘之
1179,增井壮一
1180,出崎统
1181,田口智久
1182,内海纮子
1183,桑原智
1184,冈岛国敏
1185,钟鸣
1186,谢立文
1187,戈尔
1188,镝木宏
1189,渡边步
1190,矢野雄一郎
1191,宫繁之
1192,今千秋
1193,中村亮介
1194,四分一节子
1195,
1196,岸诚二
1197,芝山努
1198,傅海清
1199,渡边哲哉
1200,蒙蒂
1201,
1202,舛成孝二
1203,渡部高志
1204,芝山努
1205,小林智树
1206,寺田和男
1207,樱井弘明
1208,石黑升
1209,太田雅彦
1210,钱远达
1211,小林治
1212,冈村天斋
1213,高柳滋仁
1214,岸诚二
1215,山本裕介
1216,中村孝
1217,高村和宏
1218,平野俊贵
1219,多田俊介
1220,芝山努
1221,天冲
1222,入江泰浩
1223,夏目真悟
1224,松尾衡
1225,龟井干太
1226,佐藤龙雄
1227,武本康弘
1228,盐谷直义
1229,高坂希太郎
1230,远藤卓司
1231,水岛努
1232,水岛精二
1233,佐藤卓哉
1234,志水淳儿
1235,松尾衡
1236,佐藤顺一
1237,石黑升
1238,樱井弘明
1239,后藤圭二
1240,浅香守生
1241,山本宽
1242,吉川惣司
1243,米谷良知
1244,水岛努
1245,岸诚二
1246,南川达马
1247,平野俊贵
1248,小野学
1249,
1250,渡边政治
1251,滨崎博嗣
1252,押井守
1253,冈本英树
1254,林宏树
1255,今川泰宏
1256,高柳滋仁
1257,亨利
1258,
1259,安藤裕章
1260,佐藤敬一
1261,大森贵弘
1262,李夏
1263,沈乐平
1264,小野学
1265,福田道生
1266,宫胁千鹤
1267,
1268,樱井弘明
1269,石原立也
1270,合田浩章
1271,河本升悟
1272,池田成
1273,樱井弘明
1274,中村健治
1275,黑田成美
1276,彼特
1277,长崎健司
1278,今石洋之
1279, 
1280, 
1281,夏目真悟
1282,细田直人
1283,布拉德
1284,川越淳
1285,谷口悟朗
1286,锅岛修
1287,大友克洋
1288,宫繁之
1289,新房昭之
1290,镝木宏
1291,后信治
1292,元永庆太郎
1293,几原邦彦
1294,浅香守生
1295,合田浩章
1296,桥本裕之
1297,韦斯
1298,赤根和树
1299,富安大贵
1300,荒川航
1301,小仓宏文
1302,神山健治
1303,上村泰
1304,加户誉夫
1305,藤田阳一
1306,红优
1307,大地丙太郎
1308,小林雅仁
1309,寺本幸代
1310,加藤久仁生
1311,秋山胜仁
1312,及川启
1313,小林智树
1314,藤田春香
1315,新房昭之
1316,长峰达也
1317,
1318,石黑升
1319,大沼心
1320, 
1321,汤山邦彦
1322,远藤卓司
1323,松尾衡
1324,木村真一郎
1325,三浦阳
1326,芝山努
1327,古桥一浩
1328,
1329,桥本光夫
1330,佐藤卓哉
1331,及川启
1332,大地丙太郎
1333,米谷良知
1334,米林宏昌
1335,河森正治
1336,高雄统子
1337,渡部高志
1338,胡兆洪
1339,小野学
1340,小原秀一
1341,渡部高志
1342,星川孝文
1343,合田浩章
1344,高桥良辅
1345,
1346,高村和宏
1347,难波日登志
1348,藤田阳一
1349,植田秀仁
1350,网野哲郎
1351,小中和哉
1352,朱庭卓
1353,小岛正幸
1354,水岛努
1355,则座诚
1356,高柳滋仁
1357,石田佑康
1358,泽良辅
1359,加户誉夫
1360,
1361,长崎健司
1362,山下宏幸
1363,寺本幸代
1364,石黑恭平
1365,滨名孝行
1366,汤浅政明
1367,盐谷直义
1368,樱井弘明
1369,川濑敏文
1370,难波日登志
1371,松本理惠
1372,元永庆太郎
1373,八谷贤一
1374,斋藤久
1375,渡边浩
1376,冈村天斋
1377,筱原俊哉
1378,儿玉兼嗣
1379, 
1380,平田智浩
1381,增原光幸
1382,彭擎政
1383,矢野博之
1384, 
1385,大贺俊二
1386,龟井干太
1387,京田知己
1388,常光希
1389,岸诚二
1390,福田道生
1391,布鲁斯
1392,
1393,佐藤照雄
1394,滨名孝行
1395,荒木哲郎
1396,加濑充子
1397,小村敏明
1398,板津匡览
1399,小林敦
1400,
1401,
1402,
1403,吉村爱
1404,元永庆太郎
1405,万球
1406,大地丙太郎
1407,真野玲
1408,舛成孝二
1409,林春柳
1410,手冢真
1411,木崎文智
1412,长沼范裕
1413,野村和也
1414,西田正义
1415,核桃
1416,佐藤卓哉
1417,安藤正臣
1418,富野由悠季
1419,饭野慎也
1420,菲尔
1421,滨名孝行
1422,冈村天斋
1423,橘正纪
1424,长沼范裕
1425,渡边步
1426,村濑修功
1427, 
1428,水岛努
1429,室井富美江
1430,小村敏明
1431,
1432,谷口悟朗
1433,水岛精二
1434,大地丙太郎
1435,所胜美
1436,渡边浩
1437,渡边慎一
1438,渡边步
1439,森邦宏
1440,山田尚子
1441,锦织敦史
1442,儿玉兼嗣
1443,河森正治
1444,增原光幸
1445,竹内哲也
1446,部屋
1447,古川贵之
1448,长崎健司
1449,山本沙代
1450,大森贵弘
1451,赤根和树
1452,儿玉兼嗣
1453,田村耕太郎
1454,福富博
1455,米谷良知
1456,桥本直人
1457,藤咲淳一
1458,西田正义
1459,
1460,高柳滋仁
1461,石平信司
1462,泽良辅
1463,米谷良知
1464,阿部记之
1465,大地丙太郎
1466,谷口悟朗
1467,万球
1468,
1469,福冈大生
1470,
1471, 
1472,
1473,浅香守生
1474,神保昌登
1475,舛成孝二
1476,白土武
1477,樱井弘明
1478,神户守
1479, 
1480,京都幻想剧团
1481, 
1482,肥冢正史
1483,
1484,清水惠藏
1485,安藤真裕
1486,
1487,菅沼荣治
1488,佐藤顺一
1489,西村纯二
1490,吉田泰三
1491,西久保瑞穗
1492,上村泰
1493,神户洋行
1494,光延博愛
1495,大塚隆史
1496,高本宣弘
1497,长谷川康雄
1498,立川让
1499,汤山邦彦
1500,芝山努
1501,吉浦康裕
1502,上地正祐
1503,杉井仪三郎
1504,岩崎太郎
1505,及川启
1506,
1507,大地丙太郎
1508,新房昭之
1509,奥胁雅晴
1510,新房昭之
1511, 
1512,芝山努
1513,岸诚二
1514,陈烨
1515,设乐博
1516,別所诚人
1517,立川让
1518,若林厚史
1519,望月智充
1520,森健
1521,寺本幸代
1522,大森贵弘
1523,龟井干太
1524,樱美胜志
1525,矢吹公郎
1526,大地丙太郎
1527,前田真宏
1528,植田秀仁
1529,葛谷直行
1530, 
1531,山崎和男
1532,浅香守生
1533,奥胁雅晴
1534,镝木宏
1535, 
1536, 
1537,高桥良辅
1538,新海诚
1539,长井龙雪
1540,松井久美
1541,
1542,加里
1543,铃木健一
1544,
1545,泷口祯一
1546,河森正治
1547,大森贵弘
1548,矢嶋哲生
1549, 
1550,高松信司
1551,安浓高志
1552,望月智充
1553,
1554,
1555,若林信
1556,吉村明
1557,森田修平
1558,神户守
1559,滨名孝行
1560,斋藤久
1561,肥冢正史
1562,真下耕一
1563,黄莺
1564,芝山努
1565,田口智久
1566,神户守
1567,小池健
1568,古桥一浩
1569,渡边浩
1570,高桥良辅
1571,佐藤龙雄
1572,水岛努
1573,程腾
1574,桥本昌和
1575,神保昌登
1576,谷东
1577,佐藤雅子
1578,小森香织
1579,冈崎稔
1580,大森贵弘
1581,大隅正秋
1582,水岛精二
1583,西牧秀夫
1584,佐藤照雄
1585,宫崎骏
1586,井端义秀
1587,宫本浩史
1588,松山洋
1589,高桥良辅
1590,押井守
1591,网野哲郎
1592,沈乐平
1593,三泽伸
1594,
1595,井内秀治
1596,山本靖贵
1597,古桥一浩
1598,
1599,吉浦康裕
1600,万球
1601,芝田浩树
1602,西久保瑞穗
1603,山口祐司
1604,山岸大悟
1605,高山文彦
1606,石仓贤一
1607,泷泽敏文
1608,金子拓
1609,井端义秀
1610,志水淳儿
1611,根岸弘
1612,神山健治
1613,矢野雄一郎
1614,加濑充子
1615,真下耕一
1616,木村真一郎
1617,彭擎政
1618,今西隆志
1619,芝山努
1620,多田俊介
1621,角铜博之
1622, 
1623,芝山努
1624,佐藤顺一
1625,泷泽敏文
1626,芦田丰雄
1627,佐藤顺一
1628,工藤进
1629,
1630,古桥一浩
1631,长井龙雪
1632,合田浩章
1633,米田和弘
1634,滨崎博嗣
1635,
1636,
1637,
1638,周沬
1639,福冈大生
1640,汤山邦彦
1641,樱井弘明
1642,细田守
1643,田村耕太郎
1644,水岛精二
1645,增井壮一
1646,今千秋
1647,今西隆志
1648,天冲
1649,及川启
1650,李
1651,芝山努
1652,高村和宏
1653,卡洛斯
1654,川尻善昭
1655,金崎贵臣
1656, 
1657,伊藤智彦
1658,
1659,阿部记之
1660,羽原信义
1661,佐伯昭志
1662,高坂希太郎
1663,辻初树
1664,水岛努
1665,神山健治
1666,山本宽
1667,大森贵弘
1668,细田守
1669,儿玉兼嗣
1670,中村孝
1671,原惠一
1672,石山贵明
1673,所胜美
1674,小村敏明
1675,殿胜秀树
1676,松本理惠
1677,羽原信义
1678,芝山努
1679,渡边信一郎
1680,羽原信义
1681,新海诚
1682,八谷贤一
1683,京极尚彦
1684,
1685,今村隆宽
1686,原田孝宏
1687,林佑一郎
1688,
1689,京极尚彦
1690,殿胜秀树
1691,
1692,石原立也
1693,田口胜彦
1694,村田雅彦
1695,野末武志
1696,古田丈司
1697,片山一良
1698,木崎文智
1699,神保昌登
1700,
1701,胡进庆
1702,加贺刚
1703,井内秀治
1704,石黑恭平
1705,岩崎良明
1706,渡边步
1707,新海诚
1708,芝山努
1709,
1710,松本理惠
1711,平尾隆之
1712,静野孔文
1713,斋藤久
1714,松本理惠
1715,芝山努
1716,山本天志
1717,细金卓矢
1718,羽原信义
1719,伊藤智彦
1720,
1721,川尻善昭
1722,
1723,石立太一
1724,人狼
1725,雨宫哲
1726,武山笃
1727,滨名孝行
1728,小林智树
1729,水野竜馬
1730,杰伊
1731,川尻善昭
1732,樱井弘明
1733,伊藤秀树
1734,
1735,山崎光惠
1736,新海诚
1737,高桥良辅
1738,原惠一
1739,汤山邦彦
1740,高柳滋仁
1741,徐景达
1742,饭田马之介
1743,安藤真裕
1744,森胁真琴
1745,
1746,村田和也
1747,大槻敦史
1748,水岛精二
1749,大冢雅彦
1750,筱原俊哉
1751,安彦良和
1752,本乡满
1753,安藤裕章
1754,宫崎吾朗
1755,中山胜一
1756,小林治
1757,米谷良知
1758,核桃
1759,西村纯二
1760,长泽刚
1761,山内重保
1762,几原邦彦
1763,约翰
1764,
1765,冲浦启之
1766,佐伯昭志
1767,汤山邦彦
1768,板垣伸
1769,大地丙太郎
1770, 
1771,荒牧伸志
1772, 
1773,卡洛斯
1774,加藤一彦
1775,梅津朋美
1776,石田佑康
1777,朴性厚
1778,周坚锐
1779,绵田慎也
1780,桐生勇作
1781,平池芳正
1782,青木康直
1783,舛成孝二
1784,高村和宏
1785,竹内啓雄
1786,
1787,板村智幸
1788,渡部高志
1789,熊可
1790,水岛努
1791,岸诚二
1792,富冈聪
1793,久野遥子
1794,柯克
1795,安田贤司
1796,
1797,阿部记之
1798,坂本一也
1799,朱敏
1800,川口敬一郎
1801,
1802,
1803,佐藤龙雄
1804,下田正美
1805,腰繁男
1806,山川吉树
1807,松尾衡
1808,
1809,徐克
1810,龙轮直征
1811,武藤裕治
1812,羽原信义
1813,片山一良
1814,宫胁千鹤
1815,木村隆一
1816,锅岛修
1817,小川孝治
1818,大隈孝晴
1819,网野哲郎
1820,
1821,寺本幸代
1822,望月智充
1823,宇木敦哉
1824,西尾大介
1825,片渊须直
1826, 
1827,米谷良知
1828,岸诚二
1829,田村茂
1830,阿部达也
1831,彭擎政
1832,山下清悟
1833,吉原达矢
1834,立川让
1835,池畠博史
1836,
1837,佐山圣子
1838,大森贵弘
1839,盐谷直义
1840,渡边浩
1841,石仓贤一
1842,矢野雄一郎
1843,
1844,
1845,大地丙太郎
1846,西牧秀夫
1847,山川吉树
1848,今泽哲男
1849,芦田丰雄
1850,千明孝一
1851,神户守
1852,周沬
1853,石田佑康
1854,
1855,安藤真裕
1856,芝山努
1857,柳泽哲也
1858,王宏
1859,米田和弘
1860,高田昌弘
1861,布拉德利
1862,森胁真琴
1863,细田直人
1864,加藤敏幸
1865,危天行
1866,石平信司
1867,
1868,大地丙太郎
1869,大地丙太郎
1870,本乡满
1871,平牧大辅
1872,
1873,龟垣一
1874,西尾大介
1875,川尻善昭
1876,水谷贵哉
1877,
1878,亀垣一
1879,松尾衡
1880,真下耕一
1881,王川
1882,赤根和树
1883,永居慎平
1884,盐谷直义
1885,林重行
1886,
1887,大森贵弘
1888,小森香织
1889,安藤裕章
1890,宫胁千鹤
1891,岸诚二
1892,荒木哲郎
1893,铃木健一
1894,石黑升
1895,森本晃司
1896,松尾衡
1897,上村泰
1898,小林宽
1899,大森贵弘
1900,山本裕介
1901,谢立文
1902,杉井仪三郎
1903,境宗久
1904,满仲劝
1905,
1906,森胁真琴
1907,平田智浩
1908,
1909,
1910,赤根和树
1911,满仲劝
1912,山本泰一郎
1913,海谷敏久
1914,满仲劝
1915,川口敬一郎
1916,板垣伸
1917,原惠一
1918,沈乐平
1919,大脊户聪
1920,井上圭介
1921,
1922,长泽刚
1923,山川吉树
1924,川村泰
1925,小岛正幸
1926,板垣伸
1927,筱原俊哉
1928,八锹新之介
1929,渡部高志
1930,渡边步
1931,押井守
1932, 
1933,山口晋
1934,钟鸣
1935,德本善信
1936,富野由悠季
1937,藤田阳一
1938,满仲劝
1939,
1940,
1941,板垣伸
1942,胜间田具治
1943,今千秋
1944, 
1945,新房昭之
1946,水岛努
1947,高雄统子
1948,平野俊贵
1949,荒木哲郎
1950,几原邦彦
1951, 
1952,村田雅彦
1953,工藤进
1954,秋山胜仁
1955,奥胁雅晴
1956,黄濑和哉
1957,赤城博昭
1958,小野学
1959,板垣伸
1960,宍户淳
1961,
1962,羽原信义
1963,核桃
1964,
1965,中村哲治
1966,福岛宏之
1967,石田佑康
1968,板垣伸
1969,张松林
1970,
1971,渡边浩
1972,孙承希
1973,富野由悠季
1974,长井龙雪
1975,高畑勋
1976,仓谷凉一
1977,奥胁雅晴
1978,渡边慎一
1979,蓝天可凡
1980,永丘昭典
1981,远藤彻哉
1982,石平信司
1983,渡边浩
1984,宫胁千鹤
1985,汤浅康生
1986,西尾大介
1987,板垣伸
1988,宇田钢之介
1989,迫井政行
1990,羽原信义
1991,平田敏夫
1992,日高政光
1993,
1994,小野胜巳
1995,渡边慎一
1996,宇田钢之介
1997,武藤裕治
1998,陈志勇
1999,渡边广
2000,
2001,今西隆志
2002,柳泽哲也
2003,东乡光宏
2004,真下耕一
2005,
2006,木村隆一
2007,樱美胜志
2008,安格斯
2009,高谷浩利
2010, 
2011,核桃
2012,芝山努
2013,秋田谷典昭
2014, 
2015,川面真也
2016,王昕
2017,
2018,史蒂文
2019,核桃
2020,小村敏明
2021,宇木敦哉
2022,高桥良辅
2023,山本宽
2024,畳谷哲也
2025,羽原信义
2026,高桥敦史
2027,锅岛修
2028,望月智充
2029,沈如东
2030,池端隆史
2031,渡部高志
2032,板野一郎
2033,大地丙太郎
2034,京极尚彦
2035,夏目真悟
2036,山口祐司
2037,人狼
2038,
2039,宍户淳
2040,
2041,高本宣弘
2042,山内重保
2043,靳涤萍
2044,菱田正和
2045,浅香守生
2046,安藤裕章
2047,福岛宏之
2048,杉岛邦久
2049,出合小都美
2050,佐藤敬一
2051,板垣伸
2052,佐藤信介
2053,神户守
2054,山口晋
2055, 
2056,王昕
2057,村上匡宏
2058,小岛正幸
2059, 
2060,近藤信宏
2061,小川孝治
2062,桥本裕之
2063,日向
2064,皮艾尔
2065,今西隆志
2066,锅岛修
2067,森健
2068,山川吉树
2069,布拉德
2070,竹内敦志
2071,米田和弘
2072,小岛正幸
2073,
2074,笠井贤一
2075,
2076,高村和宏
2077,汤山邦彦
2078,沈乐平
2079,新房昭之
2080,岩永彰
2081,沈乐平
2082,竹之内和久
2083,板垣伸
2084,田村耕太郎
2085,合田浩章
2086,宫繁之
2087,
2088,山崎光惠
2089,今千秋
2090,片渊须直
2091,八锹新之介
2092,汤山邦彦
2093,西村纯二
2094,
2095,梅津泰臣
2096,高松信司
2097,五十岚卓哉
2098,阿部记之
2099,小林治
2100,三塚雅人
2101,藤原佳幸
2102,下田正美
2103,克里斯
2104,芝山努
2105,佐藤雄三
2106,川又浩
2107,岩永彰
2108,增原光幸
2109,镰仓由实
2110,真下耕一
2111,
2112,古田丈司
2113,鴫野彰
2114, 
2115,伊达勇登
2116,浅香守生
2117,下田正美
2118,荒川航
2119,辻初树
2120,长泽刚
2121,神保昌登
2122,今千秋
2123,吉成曜
2124,胡进庆
2125,
2126,迫井政行
2127,
2128,立川让
2129,
2130,迈克
2131,村田和也
2132,福富博
2133,安藤真裕
2134,太田雅彦
2135,永居慎平
2136,今千秋
2137,桥本光夫
2138,千明孝一
2139,小野学
2140,武藤裕治
2141,殿胜秀树
2142,桑原智
2143,铃木健一
2144,高桥涉
2145,胜间田具治
2146,伊藤尚往
2147,伊达勇登
2148,中泽一登
2149,熊可
2150,伊藤尚往
2151,筱原俊哉
2152,神谷友美
2153,箕之口克己
2154,川崎逸朗
2155,赤根和树
2156, 
2157,樱井弘明
2158,京田知己
2159,
2160,林静一
2161,汤山邦彦
2162,松尾衡
2163,福冈大生
2164,长沼范裕
2165,五十岚卓哉
2166,泽良辅
2167, 
2168,滨津守
2169,夏目真悟
2170,
2171, 
2172,吉浦康裕
2173,
2174,孙猛
2175,神谷诚
2176,秋山胜仁
2177,芝山努
2178,天冲
2179,菱田正和
2180,渡边浩
2181,马克
2182, 
2183,夏目真悟
2184,山口祐司
2185,长井龙雪
2186,宫本幸裕
2187,笹川浩
2188,大森贵弘
2189,下田正美
2190,
2191,河浪荣作
2192,本乡满
2193,山田尚子
2194,金崎贵臣
2195,畠山守
2196,村田雅彦
2197,工藤昌史
2198,伊藤尚往
2199,田晓鹏
2200, 
2201,
2202,金崎贵臣
2203,五十岚达也
2204,山田诚
2205,今千秋
2206,沈乐平
2207,龟垣一
2208,长泽刚
2209,川越淳
2210,汤山邦彦
2211,林佑一郎
2212,水岛精二
2213,井上直久
2214,
2215,樱美胜志
2216,大山佳久
2217,珍妮佛
2218,村濑修功
2219,松村康弘
2220,
2221,岩崎太郎
2222,饭田马之介
2223,本乡满
2224,板垣伸
2225,安藤真裕
2226,大地丙太郎
2227,儿玉兼嗣
2228,池畠博史
2229,
2230,神户守
2231,福冈大生
2232,吉田茂承
2233,
2234,平川哲生
2235,龙轮直征
2236,铃木健一
2237,水岛努
2238,
2239,
2240,今千秋
2241,追崎史敏
2242,伊藤智彦
2243,大地丙太郎
2244,樱井弘明
2245, 
2246,大平直樹
2247,
2248,牛岛新一郎
2249,岩崎良明
2250,菅原静贵
2251,宫本浩史
2252,荒木哲郎
2253,
2254,朱敏
2255, 
2256,汤浅政明
2257,
2258,龟垣一
2259,远藤彻哉
2260,野村和也
2261,加户誉夫
2262,
2263,花井信也
2264,
2265,
2266,冢本伦基
2267,蒂姆
2268,板野一郎
2269,筱原俊哉
2270,中村健治
2271,小林常夫
2272,黑柳利充
2273,池畠博史
2274,王昕
2275,田村耕太郎
2276,富野由悠季
2277,山口祐司
2278,平野俊贵
2279,黄家康
2280,大沼心
2281,佐藤博晖
2282, 
2283,古贺豪
2284,水岛努
2285,清水惠藏
2286,彭擎政
2287,中村隆太郎
2288,富永恒雄
2289,伍夫根雷德门
2290,山口晋
2291,羽原信义
2292,久行宏和
2293,堀元宣
2294,铃木利正
2295,富田浩章
2296, 
2297,周雪
2298,川崎逸朗
2299,渡边步
2300,真下耕一
2301,中泽一登
2302,佐伯昭志
2303,胡依红
2304,赤根和树
2305,高本宣弘
2306,汤山邦彦
2307,中泽一登
2308,外崎春雄
2309,上田芳裕
2310,威尔弗雷德
2311,桥本昌和
2312,日高政光
2313,樱井弘明
2314,
2315,渡边步
2316,桥本昌和
2317,盐谷直义
2318,真下耕一
2319,冈本学
2320,平池芳正
2321,浅香守生
2322,铃木清崇
2323,池端隆史
2324,今村隆宽
2325,松山洋
2326,藤原佳幸
2327,竹内哲也
2328,
2329,滨津守
2330,許誠毅
2331,长崎健司
2332,高桥直人
2333,信田祐
2334,多田俊介
2335,阿部记之
2336,宫本幸裕
2337, 
2338,小林治
2339,增井壮一
2340,森健
2341,外崎春雄
2342,千明孝一
2343,芦名稔
2344,松阪弘
2345,志水淳児
2346,周克勤
2347,万嘉淇
2348,汤山邦彦
2349,山内重保
2350,
2351,青木康直
2352,荒木哲郎
2353,香川丰
2354,
2355,本乡满
2356,高桥贤
2357,绵田慎也
2358,
2359,
2360,水岛努
2361,福田己津央
2362, 
2363,米田和弘
2364,大槻敦史
2365,网野哲郎
2366,
2367,武藤裕治
2368,名和宗则
2369,大地丙太郎
2370,村田雅彦
2371,桥本裕之
2372,舛成孝二
2373,佐藤順一
2374,藤田阳一
2375,山川吉树
2376,万球
2377,荒牧伸志
2378,石踊宏
2379,张天晓
2380,王昕
2381,高桥丈夫
2382,谷东
2383,沈达威
2384,
2385,稻垣隆行
2386,石馆光太郎
2387,西村纯二
2388,铃木薰
2389,
2390,平池芳正
2391,后信治
2392,山本宽
2393,中泽大树
2394,远藤彻哉
2395,
2396,弱点
2397,林佑一郎
2398,川口敬一郎
2399,沈乐平
2400,加藤敏幸
2401,住田崇
2402,安藤良
2403,赤根和树
2404, 
2405,神户洋行
2406,冈本英树
2407,
2408,红优
2409,安藤真裕
2410,龙轮直征
2411,柳泽哲也
2412,小原正和
2413,李成疆
2414,上田茂
2415,藤原佳幸
2416,宇田钢之介
2417,高本宣弘
2418,石井克人
2419,板垣伸
2420,金崎贵臣
2421,高本宣弘
2422,山村浩二
2423,石山贵明
2424,野村和也
2425,吉浦康裕
2426,
2427,高松信司
2428, 
2429,大谷肇
2430,辻初树
2431,天冲
2432,岩本晶
2433,迈克尔
2434,大沼心
2435,岩崎良明
2436,森井健史郎
2437,
2438,秋田谷典昭
2439,筱原俊哉
2440,依田伸隆
2441,难波日登志
2442,古贺豪
2443,小平麻纪
2444,
2445,住田崇
2446,万球
2447,平池芳正
2448,富野由悠季
2449,真下耕一
2450,五十岚卓哉
2451,元永庆太郎
2452,奥居久明
2453,增井壮一
2454,小森香织
2455,于地纮仁
2456,笠井贤一
2457,长井龙雪
2458,卡洛斯
2459,福田道生
2460,细田直人
2461,山贺博之
2462,增井壮一
2463,
2464,林佑一郎
2465,铃木行
2466,角铜博之
2467,
2468,小寺胜之
2469,藤本义孝
2470,原口浩
2471,蒂姆
2472,今西隆志
2473,千明孝一
2474,福富博
2475,阿部记之
2476,安德鲁
2477,锦织博
2478,石踊宏
2479,
2480,西久保瑞穗
2481,名和宗则
2482,长泽刚
2483,汤山邦彦
2484,水岛努
2485,
2486,镝木宏
2487,秋山胜仁
2488,万球
2489,藤井慎吾
2490,万球
2491,中村隆太郎
2492,伊达勇登
2493,山崎光惠
2494,大畑晃一
2495,董易
2496,渡部高志
2497, 
2498,万球
2499,安彦良和
2500,饺子
2501,木崎文智
2502,谢立文
2503,饭田马之介
2504,龙轮直征
2505,吉川浩司
2506,
2507,名和宗则
2508,满仲劝
2509,森田修平
2510,本乡满
2511,樱井弘明
2512,近藤信宏
2513,山内重保
2514,水崎淳平
2515,樱井弘明
2516,川崎逸朗
2517,卡洛斯
2518, 
2519,绀野直幸
2520,松井仁之
2521,红优
2522, 
2523,阿部记之
2524,宫尾佳和
2525,
2526,濑藤健嗣
2527,森本晃司
2528,木村隆一
2529,
2530,本乡满
2531,本乡满
2532,迫井政行
2533,小野学
2534,木村泰大
2535,佐藤
2536,鴫野彰
2537,长井龙雪
2538,
2539,斋藤久
2540,加户誉夫
2541,香川丰
2542,绵田慎也
2543,羽原信义
2544,上村泰
2545,板垣伸
2546,长崎健司
2547,川面真也
2548,
2549,万球
2550,
2551,井出安轨
2552,野村和也
2553,
2554,北久保弘之
2555,森中人
2556,草川启造
2557,杨勇
2558,石塚敦子
2559,土田丰
2560,胡雄华
2561,志水淳儿
2562, 
2563,佐藤光
2564,西田大介
2565,工藤进
2566,钱家骍
2567,
2568,
2569,王昕
2570,
2571,岸诚二
2572,
2573,宍户淳
2574,板垣伸
2575,小原正和
2576,柳泽哲也
2577,吉平
2578,李云
2579,铃木利正
2580,辻伸一
2581,樱井弘明
2582,
2583,佐藤卓哉
2584,川口敬一郎
2585,富野由悠季
2586,湖山祯崇
2587,上田芳裕
2588,毛思明
2589,加户誉夫
2590,山崎理
2591,石踊宏
2592,大沼心
2593,森田信广
2594,小野胜巳
2595,水岛精二
2596,高桥直人
2597,岸诚二
2598,牧野友映
2599,山口光
2600,
2601,增井壮一
2602,西村纯二
2603,西村聪
2604,长冈康史
2605,余仁英
2606,
2607,秋山胜仁
2608,山村浩二
2609,锅岛修
2610,神谷纯
2611,卢恒宇
2612,大沼心
2613,浦田保则
2614, 
2615,小野胜巳
2616,森田纯平
2617,渡边步
2618,武本康弘
2619,布拉德
2620,山本泰一郎
2621,原惠一
2622,安藤裕章
2623,榎户骏
2624,汤山邦彦
2625,原惠一
2626,宇田钢之介
2627,山崎理
2628,安田贤司
2629,大庭秀昭
2630,安藤正臣
2631,岸诚二
2632,志水淳儿
2633, 
2634,向井雅浩
2635,约翰
2636,白旗伸朗
2637,菊池一仁
2638,汤山邦彦
2639, 
2640,松尾衡
2641,武本康弘
2642,井出安轨
2643,村川健一郎
2644,佐藤光
2645,
2646,山内重保
2647,赤井俊文
2648,菊池勝也
2649,秋田谷典昭
2650,阿部记之
2651,牧原亮太郎
2652,龟垣一
2653,
2654,笠井贤一
2655,
2656,平池芳正
2657,饭岛正胜
2658,锦织博
2659,西森章
2660,锅岛修
2661,川濑敏文
2662,樱美胜志
2663,多田俊介
2664,笠井贤一
2665,菅沼荣治
2666,志水淳儿
2667,武本康弘
2668,比嘉一博
2669,上村泰
2670,坂田纯一
2671,迫井政行
2672,浅香守生
2673,真野玲
2674,小野胜巳
2675,
2676,汤山邦彦
2677,阿部记之
2678,石平信司
2679,
2680,渡边哲哉
2681,押井守
2682,村田和也
2683,
2684,神谷诚
2685,石立太一
2686,渡部高志
2687,岩井俊二
2688,山冈实
2689,石平信司
2690,高岛友也
2691, 
2692,菅原静贵
2693,
2694,菅原静贵
2695,富士川佑辅
2696,水岛努
2697,大沼心
2698,古桥一浩
2699,董汪汪
2700,宇田钢之介
2701,简
2702,太田雅彦
2703,长泽刚
2704, 
2705,王川
2706,政木伸一
2707,宫崎骏
2708,本乡满
2709,西泽晋
2710,宮元宏彰
2711,万球
2712,菲尔
2713,菱田正和
2714,严定宪
2715,喜多幡彻
2716,高桥贤
2717,宫繁之
2718,
2719,门田英彦
2720,埃瑞克
2721,核桃
2722,越田知明
2723,鹿岛典夫
2724,宫崎渚
2725,竹之内和久
2726,水岛努
2727,高桥良辅
2728,藤本次朗
2729,小林智树
2730,山口祐司
2731,志水淳儿
2732,高木秀文
2733,武本康弘
2734,许诚毅
2735,辻初树
2736,加户誉夫
2737,高桥敦史
2738,米林宏昌
2739,八锹新之介
2740,富永恒雄
2741,高岛友也
2742,岩崎良明
2743,高桥亨
2744,龟井干太
2745,今泽哲男
2746,内海纮子
2747,山本裕介
2748, 
2749,近藤信宏
2750,多田俊介
2751,
2752,中村孝
2753,
2754,野村和也
2755,中泽一登
2756,冈村天斋
2757,高柳滋仁
2758,山本泰一郎
2759,森邦宏
2760,
2761,地冈公俊
2762,古田丈司
2763,村田雅彦
2764,福田己津央
2765,细田雅弘
2766,
2767,案纳正美
2768,藤原佳幸
2769,藤森雅也
2770,菅沼荣治
2771,时田广子
2772,米谷良知
2773,长沼范裕
2774,武藤裕治
2775,
2776,中智仁
2777,千明孝一
2778,铃木吉男
2779,池端隆史
2780,古田丈司
2781,麦克
2782,喜多幡彻
2783,日野晃博
2784,滨名孝行
2785,熊泽佑嗣
2786,畠山守
2787,汤山邦彦
2788,尤磊
2789,阎善春
2790,高桥谦仁
2791,盐谷直义
2792,福田道生
2793,
2794,千明孝一
2795,小原正和
2796,川面真也
2797,坂田纯一
2798,古桥一浩
2799,岸诚二
2800,青木英
2801,
2802,渡边政治
2803,太田雅彦
2804,五十岚卓哉
2805,今村隆宽
2806,大沼心
2807,梅泽淳稔
2808,田口智久
2809,高畑勋
2810,铃木洋平
2811,宮元宏彰
2812,水岛努
2813,山内则康
2814,阿部记之
2815,
2816,宅野诚起
2817, 
2818,滨津守
2819,藤濑顺一
2820,刘左锋
2821,米谷良知
2822,
2823,名和宗则
2824,新房昭之
2825,芦名稔
2826,
2827,神户守
2828,森下孝三
2829,汤山邦彦
2830,上田芳裕
2831,西尾大介
2832,王昕
2833,长崎健司
2834,加藤诚
2835,
2836,西村纯二
2837,佐藤卓哉
2838,
2839,大沼心
2840,岩崎良明
2841,阿部雅司
2842,中西伸彰
2843,西村纯二
2844,锦织博
2845,
2846,彭擎政
2847,史涓生
2848,外崎春雄
2849,松井仁之
2850,米谷良知
2851,大地丙太郎
2852,西田正义
2853,八濑佑树
2854,铃木孝义
2855,大塚隆史
2856,濑藤健嗣
2857,木村宽
2858,天野喜孝
2859,
2860,金崎贵臣
2861,樱井弘明
2862,米谷良知
2863,吉村爱
2864,古桥一浩
2865,小仓宏文
2866,川越淳
2867,西村纯二
2868,金崎贵臣
2869,古田丈司
2870,山川吉树
2871,
2872,西村纯二
2873,本乡满
2874,西田正义
2875,铃木行
2876,沼田友
2877,宋尚
2878,珍妮佛
2879,池添隆博
2880,细田直人
2881,锅岛修
2882,山内重保
2883,赤城博昭
2884,加濑充子
2885,山本宽
2886,岩崎良明
2887,
2888,村濑修功
2889,山本宽
2890,谷东
2891,
2892,川久保圭史
2893,益山亮司
2894,皇贞季
2895,西尾大介
2896,元永庆太郎
2897,長井龍雪
2898,坂田純一
2899,
2900,高柳滋仁
2901,大仓雅彦
2902,宫尾佳和
2903,神山健治
2904,谷口悟朗
2905,水岛努
2906,山崎和男
2907,市村彻夫
2908,
2909,伊藤浩二
2910,吉村爱
2911,名和宗则
2912,追崎史敏
2913,井手恵介
2914,向井雅浩
2915,京极尚彦
2916,安田贤司
2917,中智仁
2918,达纪
2919,锦织博
2920,铃木行
2921,铃木洋平
2922,龟垣一
2923,汤山邦彦
2924,陈柏言
2925,黑田康弘
2926,津田尚克
2927,浅香守生
2928,大张正己
2929,高桥亨
2930,伊藤智彦
2931,神志那弘志
2932,山本泰一郎
2933,川越淳
2934,浅香守生
2935,草川启造
2936,草川启造
2937,古桥一浩
2938,多田俊介
2939,田口智久
2940,辻初树
2941,山崎理
2942,上坪亮树
2943,佐藤龙雄
2944,杉井仪三郎
2945,菅沼荣治
2946,
2947,荒木哲郎
2948,川崎逸朗
2949, 
2950,石平信司
2951,中西伸彰
2952,川濑敏文
2953,
2954,饭田马之介
2955,神谷纯
2956,筱原俊哉
2957,汤山邦彦
2958,白旗伸朗
2959,
2960,八谷贤一
2961,岩崎良明
2962,
2963,川濑敏文
2964,山本秀世
2965,
2966,埃里克
2967,
2968,樱井弘明
2969,汤山邦彦
2970, 
2971,伊藤尚往
2972,张藜
2973,天冲
2974,大桥誉志光
2975,约翰
2976,大畑晃一
2977,汤山邦彦
2978,久保雄太郎
2979,铃木洋平
2980,多田俊介
2981,川口敬一郎
2982,菱田正和
2983,加户誉夫
2984,吉原达矢
2985,上田茂
2986,梅津泰臣
2987,大沼心
2988,卡洛斯
2989,内海纮子
2990,菅沼荣治
2991,冨永
2992,多田俊介
2993,长山延好
2994,亀垣一
2995,金崎贵臣
2996,河浪荣作
2997,平野俊贵
2998,川口敬一郎
2999,渡边浩
3000,佐藤
3001,马克
3002,
3003,板垣伸
3004,福富博
3005,月见里智弘
3006,青山弘
3007,阿部记之
3008,望月智充
3009,大沼心
3010,长山延好
3011,锅岛修
3012,池
3013,渡边琴乃
3014,竹下良平
3015,林直孝
3016,
3017,埃里克
3018,稻垣隆行
3019,
3020,坂田纯一
3021,川崎逸朗
3022,春日森春木
3023,川崎博嗣
3024,村濑修功
3025,水岛努
3026,佐藤卓哉
3027,吉村爱
3028,西村聪
3029,渡边步
3030,佐佐木纯人
3031, 
3032,高岛友也
3033,渡部高志
3034,村山公辅
3035,胜间田具治
3036,
3037,铃木洋平
3038,西村纯二
3039,追崎史敏
3040,江幡宏之
3041,安藤裕章
3042,
3043,日野
3044,渡部高志
3045,
3046,新田义方
3047,藤原佳幸
3048,卢恒宇
3049,山口光
3050, 
3051,岩崎良明
3052,秋田谷典昭
3053,伊藤尚往
3054,杰伊
3055,元永庆太郎
3056,小野学
3057,竹之内和久
3058,藤田阳一
3059,宫繁之
3060,篠原
3061,樱井弘明
3062,山本泰一郎
3063,神保昌登
3064,樱井弘明
3065,柳泽哲也
3066,本乡满
3067,伊魔崎斋
3068,坂田纯一
3069,初见浩一
3070,川口敬一郎
3071,小仓宏文
3072, 
3073,长峰达也
3074,坂田純一
3075,网野哲郎
3076,荒木哲郎
3077,月见里智弘
3078,河本升悟
3079,片贝慎
3080,樱美胜志
3081,高岛友也
3082,米谷良知
3083,福田道生
3084,小野胜巳
3085,菅野千愛
3086,渡边浩
3087,
3088,富泽信雄
3089,板垣伸
3090,渡部高志
3091,
3092,伊魔崎斋
3093,广井王子
3094,后藤圭二
3095,山本裕介
3096,木村宽
3097,安斋刚文
3098,
3099,斋藤久
3100, 
3101,村田和也
3102,林重行
3103,山本苍美
3104,渡边政治
3105,太田雅彦
3106,西尾大介
3107,细田守
3108,倪佳菲
3109,松本淳
3110,后信治
3111,森邦宏
3112,霜山朋久
3113,龟垣一
3114,石原立也
3115,小川优树
3116,藤原佳幸
3117,陈柏言
3118,多田俊介
3119,橘秀树
3120,伊魔崎斋
3121,平池芳正
3122,高桥英俊
3123,楠叶宏三
3124,小林智树
3125,芦名稔
3126,信田祐
3127,大桥誉志光
3128,大庭秀昭
3129,塚田拓郎
3130,今井一晓
3131,福田道生
3132,锦织博
3133,冈本英树
3134,井硲清高
3135, 
3136,土田丰
3137,川崎逸朗
3138,清水久敏
3139,中西伸彰
3140,吉本欣司
3141,仁昌寺义人
3142,山本苍美
3143,锅岛修
3144,
3145,加藤诚
3146,橘秀树
3147, 
3148,桂宪一郎
3149,尾崎隆晴
3150,鴫野彰
3151,河浪荣作
3152,岸诚二
3153,千明孝一
3154,川口敬一郎
3155,轟
3156,
3157,玉木慎吾
3158,
3159,吉本欣司
3160,桥本昌和
3161,
3162,
3163,中野英明
3164, 
3165,万球
3166,
3167,平池芳正
3168,
3169,袁文君
3170,
3171,
3172,吉本欣司
3173,铃木利正
3174,白旗伸朗
3175,畠山守
3176,橘秀树
3177,松尾衡
3178,加户誉夫
3179,古川博之
3180,久米一成
3181, 
3182,汤山邦彦
3183,宫繁之
3184,于地纮仁
3185,安浓高志
3186,及川启
3187,荒木哲郎
3188,川濑敏文
3189,饭田马之介
3190,高桥直人
3191,
3192,元永庆太郎
3193,上田茂
3194,尾崎隆晴
3195,河本升悟
3196,万球
3197,林宏树
3198,于地纮仁
3199,
3200,橘秀树
3201, 
3202,中村隆太郎
3203,菅原静贵
3204,黑田康弘
3205,福富博
3206,中谷学
3207,佐藤卓哉
3208,汤山邦彦
3209,阿部紀之
3210,千明孝一
3211,藤本义孝
3212,柳泽哲也
3213,吉原达矢
3214,柳沼和良
3215,朱珂
3216,阿部记之
3217,儿玉兼嗣
3218,柳伸亮
3219,川濑敏文
3220,高桥敦史
3221,板野一郎
3222,高本宣弘
3223,米田和弘
3224,板垣伸
3225,川越淳
3226,史涓生
3227,石平信司
3228,芦名稔
3229,盐谷直义
3230,下田正美
3231,
3232,新房昭之
3233,满仲劝
3234,达纪
3235,远藤广隆
3236,平野俊贵
3237,浅野文彰
3238,西村纯二
3239,钱国栋
3240,橘正纪
3241,滨名孝行
3242,杉岛邦久
3243,石井俊匡
3244,山本秀世
3245,荒牧伸志
3246,多田俊介
3247,
3248,伊藤尚往
3249,王昕
3250,镝木宏
3251,冈本英树
3252,山本泰一郎
3253,五十岚卓哉
3254,岩崎太郎
3255,王一琳
3256,西久保瑞穗
3257,佐野隆史
3258,池田洋子
3259,池畠博史
3260,羽原信义
3261,岸诚二
3262,小川优树
3263,
3264,松园公
3265,山本泰一郎
3266,沈乐平
3267,加藤泰久
3268,宅野诚起
3269,多田俊介
3270,菅原壮太
3271,山本苍美
3272,松村康弘
3273,张跃
3274,小仓宏文
3275,高山秀树
3276,长泽刚
3277,岩崎良明
3278,菊地康仁
3279,神山健治
3280, 
3281,佐伯昭志
3282,平池芳正
3283,西久保瑞穗
3284,
3285,赵翔
3286,桥本光夫
3287,
3288,长崎健司
3289,青野昌
3290, 
3291,草川启造
3292, 
3293,安田贤司
3294,林超贤
3295,汤山邦彦
3296,于地纮仁
3297,滨名孝行
3298,川越淳
3299,名和宗则
3300,川崎逸朗
3301,佐伯昭志
3302,
3303,山本靖贵
3304,
3305,真下耕一
3306,小林常夫
3307,谷口悟朗
3308,细田直人
3309,矢嶋哲生
3310,马风清
3311,富泽信雄
3312,岩崎良明
3313,王根发
3314,
3315,筑紫大介
3316,伊藤智彦
3317,芦名稔
3318,夕澄庆英
3319,谷口悟朗
3320,山本泰一郎
3321,石馆光太郎
3322, 
3323,
3324,
3325,竹下健一
3326,中西伸彰
3327,吉松孝博
3328,井之川慎太郎
3329,
3330,鬼畜監督
3331,
3332,稻垣隆行
3333,川面真也
3334,山本泰一郎
3335,新房昭之
3336, 
3337,信田祐
3338,滨名孝行
3339,阿部记之
3340,平野俊贵
3341,植田秀仁
3342,
3343,鴫野彰
3344,今石洋之
3345,山崎理
3346,京极尚彦
3347,直谷隆
3348,岩崎良明
3349,芦名稔
3350,山本秀世
3351,今泉贤一
3352,工藤进
3353,安藤正臣
3354,张逸兴
3355,黑田康弘
3356,大沼心
3357,铃木利正
3358,后藤圭二
3359,王
3360,龟垣一
3361,桑原智
3362,铃木薰
3363,后信治
3364,白旗伸朗
3365,迫井政行
3366,
3367,薮田修平
3368,今千秋
3369,
3370,新房昭之
3371,村田雅彦
3372,高田淳
3373,滨名孝行
3374,初见浩一
3375,褚珺
3376,贺梦凡
3377,伊藤尚往
3378,河森正治
3379,高本宣弘
3380,羽原信义
3381,小林宽
3382,铃木洋平
3383,赤根和树
3384,伊藤尚往
3385,八濑佑树
3386,川面真也
3387,井硲清高
3388,东乡光宏
3389,金子伸吾
3390,不思凡
3391,饭田马之介
3392,王宏
3393,藤本义孝
3394,朴宇铉
3395,平泽久义
3396, 
3397,佐藤顺一
3398,潘斌
3399,植田洋一
3400,高桥正典
3401,中西伸彰
3402,李豪凌
3403,刘阔
3404,王昕
3405,奥村吉昭
3406,今泉贤一
3407,神志那弘志
3408,木村宽
3409,青木纯
3410,柳泽哲也
3411,细田雅弘
3412,佐藤敬一
3413,大山佳久
3414,安田贤司
3415,木村真一郎
3416,宫崎渚
3417, 
3418,石原立也
3419,佐藤卓哉
3420,
3421,冈村天斋
3422,迫井政行
3423,玉木慎吾
3424,岩崎良明
3425,森井健史郎
3426,岩崎良明
3427,高桥亨
3428,佐伯昭志
3429,芦名稔
3430,关田修
3431,王根发
3432,山本靖贵
3433,
3434,太田雅彦
3435,西尾大介
3436,西尾大介
3437,中西伸彰
3438,山内重保
3439,饭田马之介
3440,山本秀世
3441,黄濑和哉
3442,赵丙乐
3443,二村秀树
3444,名和宗则
3445,川尻善昭
3446,吉川博明
3447,饭田马之介
3448,水岛精二
3449,增井壮一
3450,马引圭
3451,岸诚二
3452,和田纯一
3453,井畑翔太
3454,中村让
3455,川口敬一郎
3456,长滨博史
3457,铃木信吾
3458,汤山邦彦
3459,
3460,岸诚二
3461,广川集一
3462,小林宽
3463,熊泽佑嗣
3464,稻垣隆行
3465,太田雅彦
3466,水岛精二
3467,池畠博史
3468, 
3469,石立太一
3470,川口敬一郎
3471,中山奈绪美
3472,元永庆太郎
3473,河森正治
3474,奥胁雅晴
3475,岩崎良明
3476,伊藤尚往
3477,今千秋
3478,
3479,竹下健一
3480,神保昌登
3481,胡依红
3482,井畑翔太
3483,山本泰一郎
3484,山本秀世
3485,元永庆太郎
3486,山崎理
3487,网野哲郎
3488,长山延好
3489,石黑升
3490,
3491,芦名稔
3492,吉松孝博
3493,安浓高志
3494,
3495,大沼心
3496,后信治
3497,佐藤真人
3498,龟井干太
3499,佐藤敬一
3500,吉原达矢
3501,原田浩
3502, 
3503,
3504,
3505,笠井贤一
3506,米田和弘
3507,铃木洋平
3508,江上洁
3509,后藤圭二
3510,水岛努
3511,
3512,高柳滋仁
3513,大山佳久
3514,林直孝
3515,
3516,铃木行
3517,远藤广隆
3518,森井健史郎
3519,西本由纪夫
3520,追崎史敏
3521,渡边政治
3522,山本靖贵
3523,
3524,
3525,刘弘智
3526,池添隆博
3527,荒牧伸志
3528,宅野诚起
3529,安藤正臣
3530,大沼心
3531,
3532,谷东
3533,铃木洋平
3534,梅津泰臣
3535,高桥秀弥
3536,麦人杰
3537,古桥一浩
3538,中村宪由
3539,今千秋
3540,楠叶宏三
3541,大畑晃一
3542,滨名孝行
3543,坂田纯一
3544,入江泰浩
3545,真下耕一
3546,橘秀树
3547,森田浩光
3548,浅尾芳宣
3549,增原光幸
3550,平池芳正
3551,五月女浩一朗
3552,约翰
3553,小林智树
3554,五十岚卓哉
3555,稻垣隆行
3556,
3557,
3558,冯俊骅
3559,大沼心
3560,谷口悟朗
3561,芦名稔
3562,铃木利正
3563,宇田钢之介
3564,后藤圭二
3565,永居慎平
3566,山川吉树
3567,高畑勋
3568,深泽敏则
3569,太田雅彦
3570,地冈公俊
3571,山口祐司
3572,锦织博
3573,仓谷凉一
3574,中西伸彰
3575,红优
3576,市川量也
3577,须藤典彦
3578,佐藤宏幸
3579,岩崎良明
3580,芦名稔
3581, 
3582,川尻善昭
3583,大地丙太郎
3584,佐藤光敏
3585,影山楙伦
3586,境宗久
3587,京田知己
3588,余仁英
3589,森邦宏
3590,元永庆太郎
3591,川面真也
3592,新海诚
3593,吉原达矢
3594,约翰
3595,山本泰一郎
3596,木村宽
3597,冈村天斋
3598, 
3599,神山健治
3600,多田俊介
3601,浊川敦
3602,王巍
3603,石原立也
3604,川口敬一郎
3605,所智一
3606,陸泓熹
3607,桥本裕之
3608,山田丰德
3609,
3610,大地丙太郎
3611,
3612,石平信司
3613,木崎文智
3614,山本秀世
3615,黑柳利充
3616,加藤敏幸
3617,中山胜一
3618,松田清
3619,赤根和树
3620,吉村爱
3621,岸诚二
3622,下田屋
3623,洼冈俊之
3624,元永庆太郎
3625,阿部记之
3626,森田修平
3627,安田贤司
3628,佐伯昭志
3629,柳泽哲也
3630,
3631,河村友宏
3632,岸诚二
3633,
3634,荒井和人
3635,渡边哲哉
3636,佐藤雅子
3637,
3638,八谷贤一
3639,山本苍美
3640,宅野诚起
3641,汤山邦彦
3642,山本泰一郎
3643,米谷良知
3644,松井一之
3645,山本泰一郎
3646,小森秀人
3647,
3648,菅沼荣治
3649,宫崎吾朗
3650,立川让
3651,和田纯一
3652,山本宽
3653,樱井亲良
3654,岩崎太郎
3655,
3656,春日森春木
3657,
3658,太田雅彦
3659,宫岛星矢
3660,直谷隆
3661,月见里智弘
3662,川崎逸朗
3663,伊藤佑毅
3664,万球
3665,酒井和男
3666,
3667,二树
3668,龟井干太
3669, 
3670,仁昌寺义人
3671,八谷贤一
3672,
3673,宫下新平
3674,石田佑康
3675,草川启造
3676,
3677,新海诚
3678,山本裕介
3679,中西伸彰
3680,川濑敏文
3681,池添隆博
3682,山本泰一郎
3683,古贺豪
3684,五十岚卓哉
3685,佐山圣子
3686,樱井亲良
3687,
3688,橘正纪
3689,
3690,浅尾芳宣
3691,池畠博史
3692,阿部记之
3693,西村纯二
3694,迫井政行
3695,小村敏明
3696,芦名稔
3697,山田尚子
3698,高松信司
3699,名和宗则
3700,三泽伸
3701,石立太一
3702,高岛友也
3703,宮地昌幸
3704,
3705,清水健一
3706,喜多幡彻
3707,月见堂
3708,蓝天可凡
3709,石田佑康
3710,越田知明
3711,静野孔文
3712,渡边步
3713,大畑清隆
3714,川崎逸朗
3715,小岛正幸
3716,出崎统
3717,三浦和也
3718,末田宜史
3719,吉田里纱子
3720,锦织博
3721,铃木信吾
3722,
3723,新海诚
3724,长峰达也
3725,王昕
3726,安田贤司
3727,谷东
3728,细田守
3729,渡边政治
3730,池田洋子
3731,元永庆太郎
3732,伊藤智彦
3733,仁昌寺义人
3734,葛谷直行
3735,沈寿林
3736,村田雅彦
3737,草川启造
3738,小仓宏文
3739,林直孝
3740,岩崎良明
3741,山本泰一郎
3742,草川启造
3743,芦名稔
3744,神山健治
3745,植田洋一
3746,木村宽
3747,神志那弘志
3748,上村泰
3749,
3750,龙轮直征
3751,泽井幸次
3752,金崎贵臣
3753,林直孝
3754,高本宣弘
3755,李豪凌
3756,池添隆博
3757,山田裕城
3758,福岛宏之
3759,大沼心
3760,山崎光惠
3761,山本秀世
3762,冈村天斋
3763,孙猛
3764,佐藤真人
3765,西久保瑞穗
3766,
3767,森胁真琴
3768,锦织博
3769,芦名稔
3770,川越淳
3771,红优
3772,须藤典彦
3773,河森正治
3774,宫崎渚
3775,增井壮一
3776,山本靖贵
3777,石平信司
3778,初见浩一
3779,小原正和
3780,別所诚人
3781,岩永彰
3782,高村和宏
3783,村野佑太
3784,吉冈忍
3785,斋藤久
3786,志水淳儿
3787,川越淳
3788,酒井和男
3789,筱原俊哉
3790,
3791,樱木优平
3792,
3793,竹下良平
3794,高村和宏
3795,长冈康史
3796,中村亮介
3797,大沼心
3798,夕澄庆英
3799,渡边哲哉
3800,红优
3801,村田雅彦
3802,汤山邦彦
3803,绵田慎也
3804,
3805,
3806,濑藤健嗣
3807,岩崎良明
3808,
3809,伊藤达文
3810,工藤昌史
3811,市村彻夫
3812,藤本义孝
3813,红优
3814,
3815,伊魔崎斋
3816,山本泰一郎
3817,橘秀树
3818,山本泰一郎
3819,大山佳久
3820,谷东
3821,大沼心
3822,藤森雅也
3823,
3824,八角哲夫
3825,井出安轨
3826,曽利文彦
3827,久城理音
3828,哈磊
3829,伊藤尚往
3830,大张正己
3831,板野一郎
3832,市川量也
3833,佐藤真人
3834,浊川敦
3835,木村真一郎
3836,芦名稔
3837,
3838,今石洋之
3839,毛利陽一
3840,吉本欣司
3841,盐谷直义
3842,野中卓也
3843,山本宽
3844,
3845,今千秋
3846,青井小夜
3847,渡边慎一
3848,安藤真裕
3849,望月智充
3850,新房昭之
3851,角铜博之
3852,葛谷直行
3853,森田修平
3854,铃木行
3855,草川启造
3856,荒木哲郎
3857,后信治
3858,京极尚彦
3859,佐藤卓哉
3860,岩崎良明
3861,外崎春雄
3862,锦织博
3863,米田和弘
3864,河森正治
3865,高松信司
3866,山村卓也
3867,后信治
3868,千叶大辅
3869,多田俊介
3870,芦名稔
3871,伊藤史夫
3872,蓝天可凡
3873,元永庆太郎
3874,小岛正幸
3875,矢立恭
3876,平池芳正
3877,汤山邦彦
3878,
3879,滨崎博嗣
3880,山崎理
3881,山本靖贵
3882,星野真
3883,山贺博之
3884,森井健史郎
3885,川口敬一郎
3886,木上益治
3887,川崎逸朗
3888,佐藤阳
3889,樱美胜志
3890,元永庆太郎
3891, 
3892,酒井和男
3893,西村纯二
3894,大张正己
3895,小野学
3896,大张正己
3897,京田知己
3898,大久保富彦
3899,玉村仁
3900,贝泽幸男
3901,今千秋
3902,今井一晓
3903,山内重保
3904,斋藤久
3905,三原武宪
3906,稻垣隆行
3907,夕澄庆英
3908,高松信司
3909,愚痴蓝
3910,松尾衡
3911,富野由悠季
3912,岩崎良明
3913,长泽刚
3914,细田直人
3915,八谷贤一
3916,斋藤德明
3917,神谷
3918,
3919,荒木哲郎
3920,静野孔文
3921,大杉宜弘
3922,渡边步
3923,工藤进
3924,新井阳次郎
3925,西村纯二
3926,山本泰一郎
3927,长崎健司
3928,川又浩
3929,关田修
3930,平泽久义
3931,新房昭之
3932,高本宣弘
3933,森下孝三
3934,米林宏昌
3935,冈尾贵洋
3936,野中卓也
3937,万球
3938,佐山圣子
3939,
3940,大沼心
3941,浊川敦
3942,大畑晃一
3943,锦织博
3944,池端隆史
3945,于地纮仁
3946,天冲
3947,锦织博
3948,
3949,元永庆太郎
3950,芦野芳晴
3951,金子拓
3952,岩永彰
3953,韩艳
3954,
3955,名和宗则
3956,
3957,和
3958,
3959,阿部记之
3960,河田成人
3961,长泽刚
3962,谷田部胜义
3963,真野玲
3964,竹内啓雄
3965,高见明男
3966,镰仲史阳
3967,滨崎博嗣
3968,五月女浩一朗
3969,春日森春木
3970,武藤裕治
3971,
3972,佐藤卓哉
3973,本乡满
3974,山崎光惠
3975,阿部记之
3976,西森章
3977,古田丈司
3978,橘纱央莉
3979,笠井贤一
3980,湖山祯崇
3981,小林智树
3982,池田成
3983,石平信司
3984,日色如夏
3985,
3986,小林浩康
3987,加户誉夫
3988,新海诚
3989,黑川智之
3990,村田雅彦
3991,川濑敏文
3992,网野哲郎
3993,工藤昌史
3994,汤浅政明
3995,田边泰裕
3996,山本天志
3997,水野竜馬
3998,
3999,伊达勇登
4000,山本靖贵
4001,吉原达矢
4002,
4003,秋田谷典昭
4004,
4005,樱木优平
4006,和
4007,森井健史郎
4008,大桥誉志光
4009,难波日登志
4010,谷口悟朗
4011,阿部记之
4012,
4013,吉冈忍
4014,滨名孝行
4015,木村真一郎
4016,山本秀世
4017,村田雅彦
4018,芦野芳晴
4019,田村正文
4020,伊藤佑毅
4021,入江泰浩
4022,
4023,日色如夏
4024,松尾衡
4025,龟垣一
4026,畑博之
4027,五十岚卓哉
4028,村田雅彦
4029,加濑充子
4030,桑原智
4031,池畠博史
4032,平尾隆之
4033,高松信司
4034,平峰义大
4035,山内重保
4036,迫井政行
4037,外崎春雄
4038,今泉贤一
4039,数井浩子
4040,佐山圣子
4041,
4042,菅沼荣治
4043,梅本唯
4044,小原正和
4045,冈村天斋
4046,笠井贤一
4047,
4048,高桥丈夫
4049,菊地康仁
4050,高桥丈夫
4051, 
4052,岩崎良明
4053,喜多幡彻
4054,高桥丈夫
4055,安藤健
4056,栗山贵行
4057,杉山庆一
4058,清水崇
4059,番場進
4060,饭野利明
4061,青木弘安
4062,德本善信
4063,杉岛邦久
4064,森井健史郎
4065,西村聪
4066,名和宗则
4067,谷口崇
4068,
4069,平池芳正
4070,李豪凌
4071,吉本欣司
4072,李豪凌
4073,奥胁雅晴
4074,山本泰一郎
4075,上坪亮树
4076,今千秋
4077,松本淳
4078,福田己津央
4079,佐佐木勅嘉
4080,大畑晃一
4081,豊田淳
4082,大桥明代
4083,村田和也
4084,迫井政行
4085,佐伯昭志
4086,大原实
4087,
4088,佐藤顺一
4089,井端义秀
4090,石原立也
4091,小林智树
4092,山崎理
4093,王宏
4094,佐藤卓哉
4095, 
4096,大森贵弘
4097,大沼心
4098,岛田惣一
4099,
4100,绵田慎也
4101,河浪荣作
4102,李豪凌
4103,西村纯二
4104,佐伯昭志
4105,古桥一浩
4106,高松信司
4107,川崎逸朗
4108,田边泰裕
4109,酒井和男
4110,米田和弘
4111,静野孔文
4112,
4113,谷口悟朗
4114,板垣伸
4115,名取孝浩
4116,后藤圭二
4117,
4118,吉浦康裕
4119,大畑晃一
4120,植田洋一
4121,原口浩
4122,工藤昌史
4123,谷口崇
4124,追崎史敏
4125,近藤信宏
4126,井上圭介
4127,西片康人
4128,
4129,铃木健太郎
4130,小森香织
4131,樱美胜志
4132,川又浩
4133,山川吉树
4134,柿本广大
4135,加濑充子
4136,西村纯二
4137,工藤进
4138,宅野诚起
4139,高桥丈夫
4140,伊藤尚往
4141,
4142,名和宗则
4143,
4144,日高政光
4145,野亦则行
4146,木崎文智
4147,板垣伸
4148,殿胜秀树
4149,古桥一浩
4150,静野孔文
4151,柳伸亮
4152,董易
4153,铃木行
4154,白井俊行
4155,小坂春女
4156,奥田佳子
4157,长泽刚
4158,锅岛修
4159,市川量也
4160,黑川智之
4161,出崎统
4162,小林智树
4163,宅野诚起
4164,如月娥眉
4165,影山楙伦
4166,
4167,本乡满
4168,阿保孝雄
4169,山姆
4170,副岛惠文
4171,菊地康仁
4172,高桥正典
4173,神山健治
4174,石滨真史
4175,磨积良亜澄
4176,岩崎良明
4177,草川启造
4178,元永庆太郎
4179,宫尾佳和
4180,增井壮一
4181,滨名孝行
4182,山崎理
4183,平野俊贵
4184,山本靖贵
4185,凑未来
4186,矢立恭
4187,白旗伸朗
4188,山本裕介
4189,佐藤龙雄
4190,伊魔崎斋
4191,原博
4192,熊可
4193,荒川真嗣
4194,西川贵史
4195,伊藤智彦
4196,室井富美江
4197,大槻敦史
4198,静野孔文
4199,铃木洋平
4200,境宗久
4201,斋藤瑛
4202,东出太
4203,三原武宪
4204,青木英
4205,元永庆太郎
4206,菊地康仁
4207,草川启造
4208,渡部高志
4209,谷口崇
4210,
4211,石塚敦子
4212,柳濑雄之
4213,大宙征基
4214,山元隼一
4215,多田俊介
4216,太田雅彦
4217,多田俊介
4218,岩崎太郎
4219,加户誉夫
4220,王昕
4221,真下耕一
4222,黑柳利充
4223,小原正和
4224,外崎春雄
4225,二树
4226,山本秀世
4227,长峰达也
4228,所俊克
4229,志水淳儿
4230,
4231,追崎史敏
4232,
4233,富野由悠季
4234,松林唯人
4235,元永庆太郎
4236,铃木利正
4237,工藤昌史
4238,根岸弘
4239,水岛精二
4240,小野学
4241, 
4242,川口敬一郎
4243,吉本欣司
4244,李豪凌
4245,伊魔崎斋
4246,汤山邦彦
4247,吉田里纱子
4248,铃木利正
4249,
4250,奚超
4251,松尾衡
4252,大桥誉志光
4253,菱田正和
4254,冈本英树
4255,大槻敦史
4256,片贝慎
4257,富泽信雄
4258,高田昌弘
4259,今千秋
4260,小仓宏文
4261,細川徹
4262,柳泽哲也
4263,马场诚
4264,菊地康仁
4265,静野孔文
4266,冈尾贵洋
4267,山本裕介
4268,后信治
4269,大地丙太郎
4270,高松信司
4271,安藤裕章
4272,松尾衡
4273,平川哲生
4274,福岛利规
4275,铃木信吾
4276,神山健治
4277,
4278,西片康人
4279,冈尾贵洋
4280,江崎慎平
4281,川口敬一郎
4282,辛阔
4283,岸诚二
4284,名和宗则
4285,渡边哲哉
4286,猪狩崇
4287,渡部高志
4288,山本秀世
4289,
4290,元永庆太郎
4291,红优
4292,稻垣隆行
4293,宫原直树
4294,森健
4295,川口敬一郎
4296,迫井政行
4297,吉原正行
4298,石滨真史
4299,所俊克
4300,濑藤健嗣
4301,宍户淳
4302,二宫
4303,武市直子
4304,贝泽幸男
4305,工藤昌史
4306,石仓贤一
4307,佐藤卓哉
4308,真下耕一
4309,小仓宏文
4310,小林诚
4311,川崎博嗣
4312,山本秀世
4313,中西伸彰
4314,凑未来
4315,奥居久明
4316,松原俊和
4317,片贝慎
4318,山本天志
4319,久城理音
4320,盐谷直义
4321,武内宣之
4322,铃木信吾
4323,小坂春女
4324,玉村仁
4325,菊池胜也
4326,小松田大全
4327,岸诚二
4328,山本天志
4329,锦织博
4330,谷口宏美
4331,福岛利规
4332,石踊宏
4333,渡部高志
4334,佐山圣子
4335,能户隆
4336,黄玉郎
4337,岩崎良明
4338,
4339,于地纮仁
4340,影山楙伦
4341,葛谷直行
4342,木宫茂
4343,沈乐平
4344,远藤彻哉
4345,辻本贵则
4346,增尾昭一
4347,村田雅彦
4348,坂口博信
4349,二树
4350,青木英
4351,静野孔文
4352,长井龙雪
4353,平尾隆之
4354,樱井弘明
4355,大庭秀昭
4356,柳濑雄之
4357,菅原静贵
4358,大桥誉志光
4359,柳泽哲也
4360,若林厚史
4361,小西贤一
4362,荒木哲郎
4363,草川启造
4364,名和宗则
4365,铃木洋平
4366,高桥幸雄
4367,中西伸彰
4368,石滨真史
4369,樱美胜志
4370,南川达马
4371,臼井文明
4372,石原立也
4373,
4374,阿部达也
4375,工藤昌史
4376,矢吹勉
4377,石滨真史
4378,板垣伸
4379,斋藤久
4380,
4381,渡边步
4382,森健
4383,工藤昌史
4384,立川让
4385,板垣伸
4386,园田雅裕
4387,名和宗则
4388,
4389,山本宽
4390,佐藤顺一
4391,山内重保
4392,佐藤
4393,元永庆太郎
4394,柳伸亮
4395,
4396,辻初树
4397,古川博之
4398,工藤进
4399,滨崎博嗣
4400,宫原直树
4401,鹿住朗生
4402,斋藤久
4403,
4404,高津幸央
4405,岩崎太郎
4406,木村真一郎
4407,今泉贤一
4408,大宙征基
4409,青木英
4410,川口敬一郎
4411,日卷裕二
4412,出崎统
4413,则座诚
4414,山内则康
4415,金子拓
4416,草川启造
4417,岩永彰
4418,安斋刚文
4419,桥本昌和
4420,木村真一郎
4421,工藤昌史
4422,稻垣隆行
4423,工藤进
4424,草川启造
4425,金子拓
4426,吉原达矢
4427,宇田钢之介
4428,村野佑太
4429,大沼心
4430,奥村吉昭
4431,渡部高志
4432,山本靖贵
4433,山内重保
4434,元永庆太郎
4435,日色如夏
4436,城所圣明
4437,藤田健太郎
4438,葛谷直行
4439,渡边浩
4440,卢恒宇
4441,
4442,吉川浩司
4443,夐窠
4444,岸诚二
4445,金泽洪充
4446,
4447,森邦宏
4448,和
4449,大槻敦史
4450,山本宽
4451,友永和秀
4452,田头忍
4453,石井久志
4454,水岛努
4455,下田正美
4456,矢吹勉
4457,熊可
4458,静野孔文
4459,牧原亮太郎
4460,石仓贤一
4461,今千秋
4462,大槻敦史
4463,古田丈司
4464,大张正己
4465,凑未来
4466,
4467,佐佐木勅嘉
4468,郝祥海
4469,八谷贤一
4470,
4471,草川启造
4472,易小星
4473,久城理音
4474,柳泽哲也
4475,
4476,京极尚彦
4477,畑博之
4478,
4479,河村智之
4480,山元隼一
4481,山内重保
4482,金子拓
4483,
4484,水岛努
4485,黑田康弘
4486,黑田康弘
4487,寺本幸代
4488,木村真一郎
4489,山本泰一郎
4490,佐野隆雄
4491,前田地生
4492,桥本昌和
4493,柳伸亮
4494,渡部高志
4495,铃木健一
4496,岛久登
4497,名和宗则
4498,伊藤达文
4499,大野木彩乃
4500,松根正人
4501,佐藤顺一
4502,增原光幸
4503,十一
4504,橘秀树
4505,山本裕介
4506,高田昌弘
4507,佐野隆史
4508,渡边哲哉
4509,熊谷仁志
4510,菊地康仁
4511,渡部高志
4512,西岛克彦
4513,金子拓
4514,小原正和
4515,中野英明
4516,浅见松雄
4517,川崎博嗣
4518,阿保孝雄
4519,三浦和也
4520,深濑沙哉
4521,岩崎良明
4522,藤咲淳一
4523,木宫茂
4524,
4525,高桥信也
4526,木上益治
4527,西森章
4528,佐藤雄三
4529,铃木洋平
4530,川尻将由
4531,日高政光
4532,十一
4533,小林常夫
4534,
4535,木村宽
4536,高松信司
4537,古川博之
4538,恩田尚之
4539,
4540,濑藤健嗣
4541,森井健史郎
4542,
4543,松田清
4544,桥本裕之
4545,松林唯人
4546,锦织博
4547,山本天志
4548,铃木信吾
4549,秋田谷典昭
4550,田中
4551,岸诚二
4552,锦织敦史
4553,
4554,吉村爱
4555,田村正文
4556,名取孝浩
4557,芦野芳晴
4558,石山贵明
4559,川口敬一郎
4560,市川量也
4561,佐佐木勅嘉
4562,神保昌登
4563,安藤真裕
4564,吉村爱
4565,平泽久义
4566,斋藤久
4567,赤根和树
4568,后信治
4569,都留稔幸
4570,和田纯一
4571,冈本英树
4572,佐
4573,比嘉一博
4574,岸诚二
4575,木綿達史
4576,横山彰利
4577,桥本光夫
4578,樱木优平
4579,石川智久
4580,
4581,
4582,高本宣弘
4583,伊藤尚往
4584,佐佐木勅嘉
4585,龟井治
4586,静野孔文
4587,清水聪
4588,石黑恭平
4589,手冢真
4590,渡部高志
4591,中山岳洋
4592,细田直人
4593,末田宜史
4594,阎善春
4595,吉田里纱子
4596,难波日登志
4597,平泽久义
4598,竹谷和真
4599,平川哲生
4600,浅井义之
4601,大宙征基
4602,
4603,川崎逸朗
4604,久保亚美香
4605,小仓宏文
4606,元永庆太郎
4607,岩崎良明
4608,宫崎渚
4609,川崎逸朗
4610,百濑义行
4611,谷口崇
4612,元永庆太郎
4613,川村贤一
4614,登坂晋
4615,深濑沙哉
4616,锦织博
4617,林直孝
4618,筱原启辅
4619,柳泽哲也
4620,吉田里纱子
4621,稻垣隆行
4622,川畑乔
4623,今泉贤一
4624,田村正文
4625,松本淳
4626,金子拓
4627,木上益治
4628,加户誉夫
4629,川崎逸朗
4630,河村智之
4631,柳濑雄之
4632,邓志巍
4633,田中孝弘
4634,细田直人
4635,古田丈司
4636,菊池胜也
4637,樱美胜志
4638,松本淳
4639,伊达勇登
4640,木村真一郎
4641,田头忍
4642,小高义规
4643,阿保孝雄
4644,石井久志
4645,菅沼荣治
4646,青柳宏宜
4647,金子拓
4648,和田纯一
4649,青井小夜
4650,暮田公平
4651, 
4652,宫崎吾朗
4653,秋田谷典昭
4654,日色如夏
4655,原惠一
4656,八濑佑树
4657,福冈大生
4658,安藤正臣
4659,川口敬一郎
4660,滨名孝行
4661,渡部稳宽
4662,梅津泰臣
4663,市川量也
4664,名和宗则
4665,柳泽哲也
4666,小松田大全
4667,元永庆太郎
4668,桑原智
4669,山元隼一
4670,浊川敦
4671,荒木哲郎
4672,辛阔
4673,今千秋
4674,天冲
4675,危天行
4676,大张正己
4677,加濑充子
4678,所俊克
4679,山室直仪
4680,须田裕美子
4681,元永庆太郎
4682,小林浩辅
4683,浅野胜也
4684,米谷良知
4685,菊地康仁
4686,川崎逸朗
4687,青山弘
4688,铃木信吾
4689,金世俊
4690,森邦宏
4691,沈乐平
4692,高桥秀弥
4693,吉本欣司
4694,小野学
4695,高田淳
4696,吉田彻
4697,元永庆太郎
4698,神户洋行
4699,森井健史郎
4700,静野孔文
4701,中野英明
4702,斋藤久
4703,菊池胜也
4704,別所诚人
4705,元永庆太郎
4706,塚田拓郎
4707,高桥幸雄
4708,花井宏和
4709,福冈大生
4710,伊魔崎斋
4711,
4712,
4713,木足利根曾
4714,锦织博
4715,佐藤卓哉
4716,吉原达矢
4717,近藤信宏
4718,下田正美
4719,岩永彰
4720,山口祐司
4721,久保博志
4722,直谷隆
4723,兼子昌也
4724,永冈智佳
4725,渡边步
4726,小野胜巳
4727,高桥丈夫
4728,橘正纪
4729,
4730,西本由纪夫
4731,
4732,石馆光太郎
4733,佐佐木勅嘉
4734,长滨博史
4735,橘秀树
4736,渡边哲哉
4737,梅津泰臣
4738,宍户淳
4739,近藤信宏
4740,梁旋
4741,嵯峨敏
4742,川村贤一
4743,大仓雅彦
4744,田口智久
4745,山口祐司
4746,平泽久义
4747,宅野诚起
4748,岸诚二
4749,山本苍美
4750,大畑晃一
4751,川口敬一郎
4752,佐藤真人
4753,入江泰浩
4754,吉本欣司
4755,于地纮仁
4756,名和宗则
4757,铃木健一
4758,林宏树
4759,高本宣弘
4760,日卷裕二
4761,笠井贤一
4762,垂永士
4763,元永庆太郎
4764,渡边步
4765,橘秀树
4766,秋田谷典昭
4767,筱崎康行
4768,大沼心
4769,菊地康仁
4770,渡边浩
4771,德土大介
4772,板垣伸
4773,伊藤浩二
4774,铃木洋平
4775,藤本次朗
4776,高柳滋仁
4777,铃木行
4778,吉田大辅
4779,
4780,小野学
4781,福冈大生
4782,西泽晋
4783,草川启造
4784,石川直哉
4785,万球
4786,久城理音
4787,
4788,元永庆太郎
4789,横山彰利
4790,福士直也
4791,山本宽
4792,吉泽俊一
4793,草川启造
4794,稻垣隆行
4795,池下博纪
4796,白旗伸朗
4797,橘秀树
4798,佐藤英一
4799,神保昌登
4800,池添隆博
4801,赤根和树
4802,日野
4803,中野英明
4804,大槻敦史
4805,神保昌登
4806,森田修平
4807,千明孝一
4808,栗津顺
4809,濑下宽之
4810,仓谷凉一
4811,山本天志
4812,千明孝一
4813,锦织博
4814,铃木清崇
4815,长山延好
4816,后藤圭二
4817,小森秀人
4818,渡部稳宽
4819,福田道生
4820,古贺一臣
4821,小坂春女
4822,锦织博
4823,元永庆太郎
4824,青木英
4825,铃木薰
4826,川口敬一郎
4827,山口晋
4828,锦织博
4829,宫繁之
4830,川口敬一郎
4831,佐藤英一
4832,镰仲史阳
4833,天冲
4834,下田正美
4835,末田宜史
4836,三浦辰夫
4837,细田直人
4838,镰仲史阳
4839,安田贤司
4840, 
4841,陈烨
4842,德土大介
4843,
4844,佐藤顺一
4845,佐藤雄三
4846,多田俊介
4847,阿部记之
4848,新井阳次郎
4849,加户誉夫
4850,菊地康仁
4851,太田雅彦
4852,高桥顺
4853,江崎慎平
4854,小林智树
4855,川口敬一郎
4856,长井龙雪
4857,直谷隆
4858,渡部高志
4859,龙轮直征
4860,佐藤卓哉
4861,古川博之
4862,柳伸亮
4863,古川博之
4864,小林智树
4865,西村纯二
4866,畠山守
4867,木村宽
4868,中智仁
4869,松尾慎
4870,川崎逸朗
4871,笠井贤一
4872,石平信司
4873,工藤进
4874,望月智充
4875,上田繁
4876,相浦和也
4877,浊川敦
4878,黄伟明
4879,望月智充
4880,阿部大护
4881,中山敦史
4882,静野孔文
4883,佐藤英一
4884,岩崎良明
4885,向井雅浩
4886,神户洋行
4887,长泽刚
4888,长崎健司
4889,向井雅浩
4890,李豪凌
4891,平泽久义
4892,深蓝人
4893,元永庆太郎
4894,山下宏幸
4895,陈钺晖
4896, 
4897,元永庆太郎
4898,赤根和树
4899,西泽晋
4900,小野胜巳
4901,田村正文
4902,板垣伸
4903,相澤伽月
4904,伊达勇登
4905,安達譲
4906,绵田慎也
4907,仁昌寺义人
4908,渡部高志
4909,小林浩辅
4910,江崎慎平
4911,菅沼荣治
4912,竹内浩志
4913,柳濑雄之
4914,石黑恭平
4915,岩見英明
4916,稻垣隆行
4917,浅井义之
4918,丁磊
4919,井口升
4920,村田和也
4921,岩永彰
4922,稻垣隆行
4923,濑名快伸
4924,大庭秀昭
4925,筑紫大介
4926,元永庆太郎
4927,
4928,藤本义孝
4929,柳伸亮
4930,西村纯二
4931,元永庆太郎
4932,镰仲史阳
4933,吉本欣司
4934,李豪凌
4935,绀野直幸
4936,铃木利正
4937,铃木信吾
4938,元永庆太郎
4939,水岛努
4940,佐藤雄三
4941,松根正人
4942,春日森春木
4943,古川博之
4944,今挂勇
4945,
4946,佐佐木勅嘉
4947,
4948,卓建荣
4949,
4950,木村隆一
4951,庞博
4952,
4953,
4954,
4955,
4956,
4957,
4958,
4959,
4960,
4961,
4962,
4963,
4964,
4965,
4966,
4967,
4968,
4969,
4970,
4971,
4972,
4973,
4974,
4975,
4976,
4977,
4978,
4979,
4980,
4981,
4982,
4983,
4984,
4985,
4986,
4987,
4988,
4989,
4990,
4991,
4992,
4993,
4994,
4995,
4996,
4997,
4998,
4999,
5000,
5001,
5002,
5003,
5004,
5005,
5006,
5007,
5008,
5009,
5010,
5011,
5012,
5013,
5014,
5015,
5016,
5017,
5018,
5019,
5020,
5021,
5022,
5023,
5024,
5025,
5026,
5027,
5028,
5029,
5030,
5031,
5032,
5033,
5034,
5035,
5036,
5037,
5038,
5039,
5040,
5041,
5042,
5043,
5044,
5045,
5046,
5047,
5048,
5049,
5050,
5051,
5052,
5053,
5054,
5055,
5056,
5057,
5058,
5059,
5060,
5061,
5062,
5063,
5064,
5065,
5066,
5067,
5068,
5069,
5070,
5071,
5072,
5073,
5074,
5075,
5076,
5077,
5078,
5079,
5080,
5081,
5082,
5083,
5084,
5085,
5086,
5087,
5088,
5089,
5090,
5091,
5092,
5093,
5094,
5095,
5096,
5097,
5098,
5099,
5100,
5101,
5102,
5103,
5104,
5105,
5106,
5107,
5108,
5109,
5110,
5111,
5112,
5113,
5114,
5115,
5116,
5117,
5118,
5119,
5120,
5121,
5122,
5123,
5124,
5125,
5126,
5127,
5128,
5129,
5130,
5131,
5132,
5133,
5134,
5135,
5136,
5137,
5138,
5139,
5140,
5141,
5142,
5143,
5144,
5145,
5146,
5147,
5148,
5149,
5150,
5151,
5152,
5153,
5154,
5155,
5156,
5157,
5158,
5159,
5160,
5161,
5162,
5163,
5164,
5165,
5166,
5167,
5168,
5169,
5170,
5171,
5172,
5173,
5174,
5175,
5176,
5177,
5178,
5179,
5180,
5181,
5182,
5183,
5184,
5185,
5186,
5187,
5188,
5189,
5190,
5191,
5192,
5193,
5194,
5195,
5196,
5197,
5198,
5199,
5200,
5201,
5202,
5203,
5204,
5205,
5206,
5207,
5208,
5209,
5210,
5211,
5212,
5213,
5214,
5215,
5216,
5217,
5218,
5219,
5220,
5221,
5222,
5223,
5224,
5225,
5226,
5227,
5228,
5229,
5230,
5231,
5232,
5233,
5234,
5235,
5236,
5237,
5238,
5239,
5240,
5241,
5242,
5243,
5244,
5245,
5246,
5247,
5248,
5249,
5250,
5251,
5252,
5253,
5254,
5255,
5256,
5257,
5258,
5259,
5260,
5261,
5262,
5263,
5264,
5265,
5266,
5267,
5268,
5269,
5270,
5271,
5272,
5273,
5274,
5275,
5276,
5277,
5278,
5279,
5280,
5281,
5282,
5283,
5284,
5285,
5286,
5287,
5288,
5289,
5290,
5291,
5292,
5293,
5294,
5295,
5296,
5297,
5298,
5299,
5300,
5301,
5302,
5303,
5304,
5305,
5306,
5307,
5308,
5309,
5310,
5311,
5312,
5313,
5314,
5315,
5316,
5317,
5318,
5319,
5320,
5321,
5322,
5323,
5324,
5325,
5326,
5327,
5328,
5329,
5330,
5331,
5332,
5333,
5334,
5335,
5336,
5337,
5338,
5339,
5340,
5341,
5342,
5343,
5344,
5345,
5346,
5347,
5348,
5349,
5350,
5351,
5352,
5353,
5354,
5355,
5356,
5357,
5358,
5359,
5360,
5361,
5362,
5363,
5364,
5365,
5366,
5367,
5368,
5369,
5370,
5371,
5372,
5373,
5374,
5375,
5376,
5377,
5378,
5379,
5380,
5381,
5382,
5383,
5384,
5385,
5386,
5387,
5388,
5389,
5390,
5391,
5392,
5393,
5394,
5395,
5396,
5397,
5398,
5399,
5400,
5401,
5402,
5403,
5404,
5405,
5406,
5407,
5408,
5409,
5410,
5411,
5412,
5413,
5414,
5415,
5416,
5417,
5418,
5419,
5420,
5421,
5422,
5423,
5424,
5425,
5426,
5427,
5428,
5429,
5430,
5431,
5432,
5433,
5434,
5435,
5436,
5437,
5438,
5439,
5440,
5441,
5442,
5443,
5444,
5445,
5446,
5447,
5448,
5449,
5450,
5451,
5452,
5453,
5454,
5455,
5456,
5457,
5458,
5459,
5460,
5461,
5462,
5463,
5464,
5465,
5466,
5467,
5468,
5469,
5470,
5471,
5472,
5473,
5474,
5475,
5476,
5477,
5478,
5479,
5480,
5481,
5482,
5483,
5484,
5485,
5486,
5487,
5488,
5489,
5490,
5491,
5492,
5493,
5494,
5495,
5496,
5497,
5498,
5499,
5500,
5501,
5502,
5503,
5504,
5505,
5506,
5507,
5508,
5509,
5510,
5511,
5512,
5513,
5514,
5515,
5516,
5517,
5518,
5519,
5520,
5521,
5522,
5523,
5524,
5525,
5526,
5527,
5528,
5529,
5530,
5531,
5532,
5533,
5534,
5535,
5536,
5537,
5538,
5539,
5540,
5541,
5542,
5543,
5544,
5545,
5546,
5547,
5548,
5549,
5550,
5551,
5552,
5553,
5554,
5555,
5556,
5557,
5558,
5559,
5560,
5561,
5562,
5563,
5564,
5565,
5566,
5567,
5568,
5569,
5570,
5571,
5572,
5573,
5574,
5575,
5576,
5577,
5578,
5579,
5580,
5581,
5582,
5583,
5584,
5585,
5586,
5587,
5588,
5589,
5590,
5591,
5592,
5593,
5594,
5595,
5596,
5597,
5598,
5599,
5600,
5601,
5602,
5603,
5604,
5605,
5606,
5607,
5608,
5609,
5610,
5611,
5612,
5613,
5614,
5615,
5616,
5617,
5618,
5619,
5620,
5621,
5622,
5623,
5624,
5625,
5626,
5627,
5628,
5629,
5630,
5631,
5632,
5633,
5634,
5635,
5636,
5637,
5638,
5639,
5640,
5641,
5642,
5643,
5644,
5645,
5646,
5647,
5648,
5649,
5650,
5651,
5652,
5653,
5654,
5655,
5656,
5657,
5658,
5659,
5660,
5661,
5662,
5663,
5664,
5665,
5666,
5667,
5668,
5669,
5670,
5671,
5672,
5673,
5674,
5675,
5676,
5677,
5678,
5679,
5680,
5681,
5682,
5683,
5684,
5685,
5686,
5687,
5688,
5689,
5690,
5691,
5692,
5693,
5694,
5695,
5696,
5697,
5698,
5699,
5700,
5701,
5702,
5703,
5704,
5705,
5706,
5707,
5708,
5709,
5710,
5711,
5712,
5713,
5714,
5715,
5716,
5717,
5718,
5719,
5720,
5721,
5722,
5723,
5724,
5725,
5726,
5727,
5728,
5729,
5730,
5731,
5732,
5733,
5734,
5735,
5736,
5737,
5738,
5739,
5740,
5741,
5742,
5743,
5744,
5745,
5746,
5747,
5748,
5749,
5750,
5751,
5752,
5753,
5754,
5755,
5756,
5757,
5758,
5759,
5760,
5761,
5762,
5763,
5764,
5765,
5766,
5767,
5768,
5769,
5770,
5771,
5772,
5773,
5774,
5775,
5776,
5777,
5778,
5779,
5780,
5781,
5782,
5783,
5784,
5785,
5786,
5787,
5788,
5789,
5790,
5791,
5792,
5793,
5794,
5795,
5796,
5797,
5798,
5799,
