Tip,chinese_name,content,episode,movie_name,ranking,score,score_num,summary
51话/2011年4月4日,银魂',"空知英秋就是个大傻逼（与作品无关，单纯的认为猩猩的作为一个漫画家的人品差到了极点，人家jump给你那么多次完结的宣发资源，那不是钱吗，次次都搞完结欺诈，而且漫画后期无非也就打完后鸡汤几句这种老套路，我真的已经审美疲劳了，最后活该转到了专门的银魂app上连载，我只能 ... ,银他妈是一部很难让人客观评价的漫画 ,恶搞中带着热血，一针见血戳破假象道出真理，我喜欢！ ,这是真正使我成为一个动漫宅的作品啊，我看银他妈的路程还是挺坎坷的。我试了三回，都没撑过第一集，但是之后基友强力推荐外加脑子筋搭错了看完了三十多集从此每日把节操当零食吃…… 银他妈是慢热型作品，一定要看到后面才可会其意。(｡･∀･)ﾉﾞ
另外就是肚子里面货一定要多 ... ,你看文化部开列了一百多部动画的榜单，就是没有银魂。
你说没有舰娘▇▇▇▇也就算了，毕竟舰娘没有被任何网站正式买过，但是银魂可是土豆买了版权的。
而且在日本，银魂也是傍晚时段播出的，不是深夜动画。
真是神奇，明明好多番尺度比银魂小多了，或者根本就没有尺度问 ... ",51,銀魂',14,8.8,7829,"[""在2011年4月进行电视动画的第二期播放，集数承接第一期，从第202话开始。第二期动画标题做了小改动。以《银魂'》做为新标题，即在原标题的魂字右上角加了一点。""]"
101话/1993年10月16日/井上雄彦,灌篮高手,"DAY6让你结识了很多同好的动画
银魂
介绍：出品时间2006年4月，监督高松信司、藤田阳一、宫胁千鹤，系列构成大和屋晓，原作空知英秋，制作公司SUNRISE。背景是平行时空中被宇宙人入侵并殖民的江户，主角是一头银色天然卷喜爱甜食的废柴武士坂田银时，为了复兴家中道场而外出 ... ,“未识姚明，但知樱木花道。”这也许是我小时候那一代人的写照。
我并不想聊灌篮高手的制作水准、剧情分析、人物解读等等，因为时至今日，即使再把灌篮高手重新做一遍，它也无法达到当初的高度。当做的分析、解构、重塑无法复制当年的成功时，这些惯用的评论方式就显得 ... ,我的评论我的评论我的评论 ",101,スラムダンク,13,8.8,5631,"['\u3000\u3000樱木花道，湘北高校一年级生。在初中有被50个女生连续抛弃的历史。因第50个女生的一句“我喜欢的是篮球队的小田同学。”而对篮球深恶痛绝。上高中不经意被美少女赤木晴子的一句：“你喜欢篮球吗？”又燃起希望。为得到晴子的芳心，花道不顾一切的加入篮球队，并以惊人的速度进步。', '\n\u3000\u3000在湘北篮球队中，队长赤木刚宪是一位一直因无良好队友而无法出人头地的DUNK高手。然而在这一年初中时已是篮球高手的流川枫，大病初愈的宫城良田，曾误入歧途的初中时MVP三井寿加入湘北篮球队，使赤木队长的称霸全国不再只是梦想。在县大赛时，赤木刚宪，流川枫，宫城良田，三井寿和新手樱木花道通力合作，终于拿到全国大赛的入场券。']"
164话/1940年2月10日/WilliamHanna(1940–58)JosephBarbera(1940–58/2005)GeneDeitch(1961–62)ChuckJones(1963–67)MauriceNoble(1964–67)AbeLevitow(1965–67)TomRay(1966–67)BenWasham(1966–67),猫和老鼠,"黑猫警长是一部国产的日本卡通片，它讲述了一只叫Tom的猫，一只叫Jerry的老鼠，以及一个看不见头的身体之间发生的故事。
有一点需要事先声明，我绝不会因为一部日本卡通片是国产的就无故讨厌它，实际上，我有许多非常喜欢的国产日本卡通片，但这部黑猫警长实在是我看过最 ... ,算是一代人的回忆了 当年的点播台还播放东北配音版 家里现在还有一整套东北配音版的VCD... ",164,Tom and Jerry,12,8.8,3493,"['Tom and Jerry is an American animated series of short films created in 1940 by William Hanna and Joseph Barbera. It centers on a rivalry between its two main characters, Tom Cat and Jerry Mouse, and many recurring characters, based around slapstick comedy.', '\n', ""\nIn its original run, Hanna and Barbera produced 114 Tom and Jerry shorts for Metro-Goldwyn-Mayer from 1940 to 1957. During this time, they won seven Academy Awards for Animated Short Film, tying for first place with Walt Disney's Silly Symphonies with the most awards in the category. After the MGM cartoon studio closed in 1957, MGM revived the series with Gene Deitch directing an additional 13 Tom and Jerry shorts for Rembrandt Films from 1960 to 1962. Tom and Jerry then became the highest-grossing animated short film series of that time, overtaking Looney Tunes. Chuck Jones then produced another 34 shorts with Sib-Tower 12 Productions between 1963 and 1967. Two more shorts were produced, The Mansion Cat in 2001 and The Karate Guard in 2005, for a total of 163 shorts. Various shorts have been released for home media since the 1990s."", '\n', '\nA number of spin-offs have been made, including the television series The Tom and Jerry Show (1975–77), The Tom and Jerry Comedy Show (1980–82), Tom & Jerry Kids (1990–94), Tom and Jerry Tales (2006–08), and The Tom and Jerry Show (2014-present). The first feature-length film based on the series, Tom and Jerry: The Movie, was released in 1992 before ten direct-to-video films were produced between 2002 and 2013.', '\n', '\nNumerous Tom and Jerry shorts have been subject to controversy, mainly over racial stereotypes which involves the portrayal of the recurring black character Mammy Two Shoes and characters appearing in blackface. Other controversial themes include cannibalism and the glamorization of smoking.']"
64话/2009年4月5日/入江泰浩/荒川弘（掲載月刊『少年ガンガン』スクウェア・エニックス刊）/菅野宏紀,钢之炼金术师 FULLMETAL ALCHEMIST,"很多人觉得钢炼FA太平淡，缺乏高潮
的确，但钢炼很稳，稳中带皮，各方面都是业内顶尖
看了差不多九遍了，我也来谈谈自己的看法
钢炼64集篇幅很长【季番来说算很长了】所以大部分人看个一遍觉得确实不错
连我都是这样的，看了几遍之后觉得该挑挑刺了
结果一看就看进去了，每 ... ,个人心目中的排行，纯粹图一乐，欢迎讨论。
顺便记录我看过哪些日漫。
偏爱剧情优秀的，但剧情也不是动漫的全部。人类的赞歌就是勇气的赞歌
同栏位排名不分先后。
——完美——
没有任何问题，绝对好看，完成度高，所有人都喜欢，绝对完美，一个上限，一个标杆。（当然不存在）
... ,钢炼总体既没有太优秀的地方也没有太糟糕的地方，剧情上四平八稳没什么逻辑思维上的不科学的地方，但正派的比较平稳而没牺牲的找出所有线索让人觉得反派是否在放水或没有智商，使得剧情有点不真实，太过圆满的过程与结局，也使得它虽然探讨了许多方面但都浅尝辄止，没进一 ... ,钢炼好看吗？
好看
钢炼是一部完美的番剧吗？
没有完美的番剧
钢炼最成功的部分是什么呢？
很多人会觉得钢炼最成功的地方是它的剧情
但我认为叙事节奏才是这部动漫真正的长处所在
诚然，钢炼的剧情非常的优秀，完整的叙事，恰如其分的铺垫，合理的世界观，细致的心理描写以及 ... ,在寒假利用疫情爆发的这段时间待在家中，闲来无事便看起了盛名广为流传的钢炼，大概看了也有一半多了吧，基本的故事架构大致清晰明了，甚至脑中已经浮现出了大团圆结局的影子。
整个故事的世界观和基本情节很简单，在一个具有炼金术师的世界中暗流涌动的危机正在不断逼 ... ",64,鋼の錬金術師 FULLMETAL ALCHEMIST,9,8.8,9594,"['因思念已故母亲，触犯炼金术中被视为最大禁忌“人体炼成”，而失去一切的兄弟──装上机械铠、有“钢之炼金术师”之称号的哥哥爱德华·爱力克，以及灵魂被固定于铠甲的弟弟阿尔冯斯──两人为取回失去的东西，踏上寻找贤者之石的旅程，并随着接近贤者之石的真相、在巨大的阴谋中勇往直前。暗地活跃的非人类、徐徐露出本质的军事国家亚美斯多利斯、受虐民众的无比憎恨与复仇怨念、炼金术带来的种种悲剧……散于各点的悲剧，终将连成线，人民、甚至国家都会被卷入其中。', '\n', '\n爱力克兄弟处于绝望和希望的狭缝之中，即使如此仍继续前进……', '\n', '\n------------------', '\n', '\n曾于2003 年一度改编为动画的《钢之炼金术师》，在日本第20卷出版之际，也向外公布动画版的新作将在2009年上半年发表，并表明新系列采原作漫画剧情。其后有关方面在2009年2 月10日，宣布新作《钢之炼金术师 FULLMETAL ALCHEMIST》于4 月5日下午5时开始播放。', '\n', '\n本作剧情着重于爱力克兄弟的亲情，在军事国家展开的各种谋略、众多配角的行为与心情，做细腻的描述。并针对受世界经济衰退及动画违法下载泛滥影响的海外市场，ANIPLEX与各国代理商合作，尾随日本播出后一周内，于各国电视台、网络电视播出。', '\n', '\n在2009 年纽约动画节（New York Anime Festival）座谈情报指出，预定播放5季（クール）、全63话，后由监督入江泰浩证实。然而《月刊少年GANGAN》2010年6月号正式公布最终回于7月4日播出，即改为全64话。']"
2话/1997年7月19日,新世纪福音战士剧场版 Air/真心为你,"以下仅是我对于EOE，这部惊艳到我的动画的一点小小的，当下的感想，仅做个人记录所用。(bgm118)
这是一部疯狂的动画，观看过程中我的大脑再三宕机，被真嗣声嘶力竭的呐喊感染得几近歇斯底里。充满隐喻而大气的演出，令人震撼的作画，包括温柔而绝望的配乐，把观众真正带入到 ... ,Air和真心为你，通称真结局。Air：二号机大战量产机的作画，THANATOS动人吟唱，双螺旋状演职员表。真心为你：外向地球毁灭奇景与内向自我剖析实验。我认为人与人之间无法相互理解，却没有努力去理解他人，这样的人想让别人去理解他是妄想。想要得到他人的爱要先去爱他人。纯 ... ,1999年，宫崎骏曾经对宫崎秀明说：“不要让别人一提到你，就说，是那个做eva的庵野先生”，二十年后，果然如此。后面庵野的所有作品，出了《彼氏彼女》，之后，就再也跳脱不出《eva》了，庵野比起师傅宫崎骏敢于挑战未知的勇气，果然还是阿宅啊。新.哥斯拉 也好，真奥特曼也好，eva也罢， ... ,本来以为自己已经理解了最后一幕，结果没想到アスカ最后一句台词「気持ち悪い」是修改过的，而导演一开始想说的是「あんたなんかに殺されるのはまっぴらよ」（死也不想被你这样的人杀掉）
对于「気持ち悪い」这一版，我以为アスカ是心甘情愿被シンジ杀死，所以伸出了受伤 ... ,按惯例搬运自知乎，想看傻屌配图版可以移步，这里就放几张关键图吧https://zhuanlan.zhihu.com/p/72511436[https://zhuanlan.zhihu.com/p/72511436]
就随便谈下个人想法，有些不当言论请谅解嗷
=============================”不成熟的，幼稚的爱是：“我爱你，因为我 ... ",2,新世紀エヴァンゲリオン劇場版 Air/まごころを、君に,7,8.9,6147,"['\u3000\u3000神秘的EVA零号机驾驶员绫波丽，在与碇元度约定之时，来到了NERV底层中央教条的红色水池边。她的命运似乎就将在此结束。', '\n\u3000\u3000在危急时刻，葛城美里不但要完成加持良治交待的对“第二次浩劫”真相以及“人类补完计划”的探查工作，还要保护碇真嗣与明日香，以及防备SEELE 对初号机与二号机的物理接触。', '\n\u3000\u3000出于对碇元度的憎恨，赤木律子接受了SEELE引爆MAGI的提案，她能否成功？长期与SEELE共事的碇元度、冬月耕造、碇唯，为了防止人类“最终的悲剧”，而酝酿了的“人类补完计划”能否实现？尽在《新世纪福音战士》电影版第2部中解答。']"
4话/1999年2月20日/古橋一浩/和月伸宏/柳沢まさひで,浪客剑心 追忆篇,"注：仅是低水平观众的流水账，勿喷，就当看个笑话。
《追忆篇》不仅描述的是剑心与巴的爱情，更描述的是整个幕末时代，以及这时代之下的每个人。凄美得令人眼睛濡湿，宏大得令人震撼，浑身起鸡皮疙瘩。
与其说是漫改，倒不如说只是把故事大纲和人设拿过来，然后塞进自己的东西， ... ,万事高下任人定夺，生死爱恨不过弹指一念。
熙攘红尘缘起缘灭，是非黑白终究三虎七言。
吾亦矣，笑阳春白雪泣私情运势
转空叹，惜七情六欲落世道轮回
谁能免俗
人就是会被经历塑造成棱镜的片面生物，从同样的光线中折射出完全不同的光芒，并且奉之为真理。他们害怕 ... ,关于我为什么写这个：逃课一整学期期末预习心态崩了因为我闲
评选范围：我点过的所有动画∪产地亚洲∪2019年前完结
评选标准：没有我的心情
怎么看待：当然是沙雕lz在引战了，请当我在自嗨
无排名，想到什么扯什么
---------------------------正文分割线--------------- ... ,把酒饮月明，风渐云行。春末红樱夏时星，素盏独醉冷落了，长剑锋青。
胧月人只影，寂寥生平。白梅染血玉脂凝，星霜漫天尽化作，十字伤情。
追忆篇上映20周年了，这篇安利文想写给从未接触过浪客剑心系列的朋友们。第一次看追忆篇又完全不懂历史的话，估计会陷入“他为啥要杀 ... ,1L祭bgm娘，已经搞不清敏感词规则了。 ",4,るろうに剣心 -明治剣客浪漫譚- 追憶編,8,8.8,3211,"['幕府时代末期，外忧内患，山河动荡，百姓生活困苦，且生命时刻受到威胁。少年心太因其善良纯洁之心感动飞天御剑流高手比古清十郎，被其收入门下学习剑法，更名剑心。', '\n在国家危难之际，年轻的剑心怀揣改变时代的梦想下山，加入奇兵队，日后更被桂小五郎纳入麾下，以刽子手的身份为时代的变革尽一份绵薄之力。年仅15岁的剑心接连刺杀多名政府要员，令对手闻风丧胆，直到某一天，一名下级武士在他的脸上留下一道无法愈合的伤疤。', '\n来至京都寻找爱人的雪代巴邂逅了剑心，正是眼前这名瘦弱的男子将爱人从她的生命中带走。巴走入剑心的生活，随之经历了政治斗争的血雨腥风和田园乡下的宁静淡雅。也许她正是剑心那把狂舞之刀的刀鞘，但在大时代的背景之下，两个人的渺小幸福一触即碎……']"
1话/1995年11月18日/押井守/士郎正宗/沖浦啓之,攻壳机动队,"齐泽克晚期在总结他最终政治程序的时候认为，现在人类在三个领域面临末日危机级的挑战，需要新共产主义的介入：生态公域，基因公域，和数字公域。
最后一个“数字公域”指的是脑机接口和VR媒介－－它们正在或者将要改变人类感知世界的方式，甚至人类的主体性。Eva里有一个概 ... ,最近没事，又把鸭子的几乎所有的动画电影看了一遍。再结合关于鸭子的纪录片，对谈还有机动警察的演出笔记，对鸭子为什么能在动画领域取得极大成就，但是在实拍电影领域却屡屡受挫有了点新的看法。个人觉得不是鸭子本身作为导演的水平不行，最关键的还是电影观的问题。这 ... ,攻壳动画版主要取材自原作漫画第1部，但在漫画的基础上做了太多魔改（我觉得漫画1.5部里的故事也很有意思，可是没动画化）。除了下面列举的这些之外，动画化时还有不少原作中的小细节也被化用了，不过都是在重新组合之后，以新的面貌出现在动画中，可见其用心改编▇▇▇▇的程 ... ,伊藤计划批东浩纪之自相矛盾、见解低下
2005年10月7日
译 B. / 校 T. / 伊藤计划目录[http://bgm.tv/blog/281026]
《ユリイカ》 2005年10月号 特集 攻殻機動隊 STAND ALONE COMPLEX
[见原书这篇文章：アニメは 「この世界」 へと繋がっている　公安９課が解散 ... ,第一次观看时我应该还在上小学，买的DVD。当时看的云里雾里，只觉得科技好发达，蜘蛛战车那一战好帅，女主角好漂亮，好想要一个这个大姐姐。
多年后的今天再次观看本片，似乎终于理解到了一些导演想要传达的思想。在这个科技高度发达的时代里，身体可以换成机器，大脑可以改造 ... ",1,GHOST IN THE SHELL / 攻殻機動隊,6,8.9,4004,['2029年，公安九课在市容很像香港的日本城市“新港市”中执行各种秘密任务。九课因为不顾正当程序的自作主张，强硬行事，往往与政府其他部门起冲突，例如负责外交的公安六课就与九课不合。另一方面，九课之中的重要人物，全身是义体的机械生化人草薙素子，对于自己的现状一直隐隐感到不满。有一天，公安九课因为一件外国政要的刺杀未遂案而开始追查神秘的黑客“傀儡师”。傀儡师能透过网络入侵人脑，植入虚拟记忆，再利用记忆被窜改的对象来达成目的。虽然九课的追查没有成功，藏有傀儡师的“灵魂”的机械生化人却自行来到九课。公安六课随后赶来将傀儡师绑走。草薙素子因为在事前就推测出六课的绑架行动而成功拦截傀儡师。这时发现原来傀儡师并不是人类，而是公安六课设计来非法操纵人类的电脑程式“2501计划”。2501计划在意外中产生自觉意识，决定逃出六课以求生存，并且要求和草薙素子的灵魂“融合”以求进一步发展。草薙素子最后在同事巴特的协助与掩护下完成融合并且脱离政府掌握，下落不明，其意识与整个网络融合。']
24话/2008年10月2日/石原立也/Key/VisualArt's/池田和美,24(22+1+1),"说实话，挺早以前看的cl（相信被多数这个动画感动的人看这个动画片时候年龄都不大），只能说太感动，看过以后就刻心里了。后来看过二周目三周目之后我也意识到cl剧情冷静来看确实有不少硬伤，很多剧情现在看来真的是老套的一批，情节许多不现实之处，每个角色都善良的离谱。但 ... ,
首先，这篇日志是完全的个人想法，个人观点，个人态度；
其次，这篇日志不针对那8262个给CL第二季打了9、10分的用户，如果对号入座，请马上关掉这篇日志，以免产生长篇辩论的冲动和无谓的生气；
如果看了一部分或全部看完后，你和我的看法严重相左，请不要回复，你是对的，我是错的，以 ... ,不知道你们发现没有bangumi上打10人数和概率是所有动漫里最多的。那那为什么Clannad没有登顶呢？原因就出在1分率上。虽然十分率最高但十个好评都顶不了一个1分。Clannad同时也是前15里一分率最高的。。真就那么多京黑吗！连动漫都不看一下就尼玛乱打分，NMSL?都说ba ... ,很多人问我Clannad的结局到底是什么
人与人的相遇，很多时候可能是揭开了互相伤害的序幕
已经知道结局的你，还会与我邂逅吗？
对这个问题的答案，就是Clannad属于每个人的不同的结局，所以才叫神作
琴美不是解释过多元世界吗，我以前也提过二维时间的概念，我们也许无时 ... ,喜欢，非常喜欢，很爱，以后想要一个古河渚这样的老婆和汐这样的女儿。淡淡的温馨，家人的温暖，逝去的青春，好友的相聚。父亲的过往。看着非常有感觉，能够让我一直看下去，并且脑海有记忆场景，值得回忆的动漫之一 ... ",2008年10月2日,CLANNAD ～AFTER STORY～,4,9.0,11074,"['在某个小镇，主角冈崎朋也因为家庭的因素成为不良少年，一直与春原阳平为伍，在光坂高校过着潦倒的生活，但冀望终有一天能够离开所在的小镇。某一天，他在学校坡道前发现了一个止步不前的女孩，在朋也认识了这个名为“古河渚”的女孩后，他的生活开始有了重大的变化。', '\n', '\n前半为主角和女主角们之间所发生的事件，后半After story为主角和古河渚，在冈崎中学毕业之后，共同生活的日子，其中还穿插了“幻想世界”，CLANNAD就是由这三个要素所组成的故事。']"
26话/2002年10月1日/神山健治/士郎正宗/下村一,攻壳机动队 STAND ALONE COMPLEX,"看2045的时候发现剧情全忘了就回来补了。
说起来使徒也已经被击退了呢，看老的科幻作品就是经常有这种情况啊233 , ,
,
,相比剧场版……3集弃了 ",26,攻殻機動隊 STAND ALONE COMPLEX,3,9.1,4809,['公元2030的世界，改造人、生化人、机器人等等的存在已经非常普及。主人公草薙素子正是人类最高科技的结晶：只有大脑是人脑，其余身体部分皆为机械装置，外表看起来则是一名美貌兼干练的年轻女性。在这个高科技的世界里，人类通过更换身体的各个部件而达到长寿已不是新鲜事，更有许多人的大脑也已经电脑化，从而真正实现所谓的“电子化的存在”(并非“信息化的存在”)。从庞大的社会结构直至单独的个人身体，都可方便的通过网络连接，构成了一个无比复杂的信息网络：这就是本作的世界基础。 虽然人类社会的电脑化带来很多方便，但是无论构造成为身体的材料怎样变化，人类毕竟还是拥有人性，因此各种以电脑为契机的犯罪层出不穷。日本的公安九课是一个高出统治阶层的存在，它的职能就是猎捕一切有关于高级电脑类刑事犯罪者。公安九课所面对的罪犯：有时可能是政府中的高官，有时可能是偷换他人大脑的投机分子，更有可能是身边的同伴；每一次的案件，都是对人类存在的再思考，都可能给队内的每一个队员带来沉重的精神压力。']
26话/1995年10月4日/庵野秀明/GAINAX/貞本義行,新世纪福音战士,"虽说是真正意义上的“神”作 但后面意识流实在是太含糊不清 或者说是看懂的门槛过于高。EVA的剧情乐趣就在于有深度和内涵 不愿意深度思考的人绝对看不懂EVA想要表达的东西 在今后娱乐至上的日本动画或全球动画业中 EVA的地位仍会是前几名 但很可能会越来越小 ... ,该文刊登于VHS・LD版附录的特典《EVA友の会》，括号内为译者注。
不温柔的故事
如果说碇真嗣是一个不擅长交流的人的话。那么绫波丽便是一个对「与他人交流」不感兴趣的人。
总是回避与他人交流的少年——碇真嗣，在第四集（「雨、逃出之后」，脚本萨川昭夫，该集也 ... ,看动漫也有六年了，能让我看完后神经敏感的只有三部:高达Z，恶魔人crybaby和这部eva。当时无聊找番看就想到这部番，本觉得吹过了，但第四集还是五集主角为了保护两个同学疯狂的朝使徒嘶吼那段直接让我迷上了这部番。作画方面省的地方也没有违和感，甚至让人感到压抑（看这 ... ,不管宗教，机甲其他等等等，都只是一个载体，本质上还是人心。
人要如何面对自己，过去，他人，苦难等等等
如何去寻找幸福
EVA也就是关于这些的一些讨论
但这些讨论触动了我的心，和我的灵魂共鸣
或许我阅历浅，但是我没看过其他这样的作品
给九分，因为满分不能给。
... ,这是我看完作品的第二年，我把eva的评分打到了满分。 怎么说呢，作品没有好坏对错之分，但有小众与普世之分，问题在于，普世是会变的。评论与评分的意义以目前我的价值观来讲，在于在以后普世的人看到分数时，能把它的心理预期提到多高。依照上述观点，它满足了我的心理预期，即 ... ",26,新世紀エヴァンゲリオン,5,8.9,12316,"['\u3000\u30002000年，一个科学探险队在南极洲针对被称作“第一使徒”亚当的“光之巨人”进行探险。在对其进行接触实验时，“光之巨人”自毁，从而发生了“第二次冲击”，进而导致世界大战。最后，人类人口减半，地轴偏转、气候改变。根据对“第二次冲击”的调查，联合国在日本箱根成立人工进化研究所（即 GEHIRN）从事EVA（指机器人）的发展研究，后GEHIRN利用在人工进化研究所下方发现的巨大空洞建造了总部。', '\n\u3000\u3000另一方面，联合国下属秘密组织SEELE为了使人类进化，开始实行人类补完计划，就是将所有人的灵魂汇集在一起，通过中和每个人的AT力场，使每个人回归LCL之海。', '\n\u3000\u30002004年，EVA初号机进行启动试验时发生事故，碇真嗣的母亲碇唯消失，碇源渡开始执行“碇源渡版本的人类补完计划”。2010年，GEHIRN被改建成NERV。', '\n\u3000\u30002015年开始，根据SEELE人类补完计划剧本的安排，一种巨型人形生物“使徒”开始在日本登陆，并向NERV总部进攻，NERV组织EVA消灭使徒。在NERV与使徒作战的同时，碇源渡秘密地执行它自己的计划。随着时间推移，碇源渡的计划逐渐被SEELE发现，NERV与SEELE产生了矛盾并不断恶化。', ""\nDirector's Cut版本的第21～24集由剧场版《Death》篇剪辑而成，收录在20周年纪念版的蓝光中。""]"
24话/2014年10月9日/水島努/武蔵野アニメーション/関口可奈味,白箱,"我是从《白箱》开始着重关注动画的监督、演出和脚本的。
我是从《白箱》开始从分镜和关键帧的角度观察画面的连贯性。
我是从《白箱》开始理解到制作公司的宗旨和监督的品格会很大程度上影响作品的成品质量。
我是从《白箱》开始领悟到还有很多场内外因素会 ... ,看了前面很多人的评论，我有点为《白箱》鸣不平，《白箱》最难得的一点是做到了雅俗共赏，没错，我就是个俗人，不太懂动画， bangumi里和《白箱》评分差不多高的作品，比如《三月的狮子》或是《蜂蜜与四叶草》，不管是作画风格还是叙事内容都太文艺了，我实在没有耐性看下去。这 ... ,看到了人与人之间通过不断沟通相互理解的人性中温情的一面，职场前辈的言传身教与勉励，或是与有相同追求的人一起打拼，相互吐槽的工作中的不顺，观看时让我又重新燃起了初出茅庐时的那份热情。作品通过主角初入社会工作时体验的丰富的情感变化，表现出一种全身心投入一 ... ,这个动画把现实和梦想平衡的感觉很好，在现实不断碰壁，但是还有梦想在里面，我在其中已经感受到整个故事想表达的东西，传达给观众的思想都有什么了。而且通过这个动画，我也了解了整个动画制作的流程，虽然只是表面，但是已经足够了解了很多东西，每个人的工作都很不容易，都有 ... ,在如今“黑深残”盛行的动画时代，关乎励志向的作品被视作毒瘤鸡汤，尽管我已经不需要动画片等虚拟作品来寻找精神勉励，但我认为正能量的主题不会过时，过分夸大黑深残衍生的“现实”“人性”主义，也未尝不是一种幼稚呢。
1.钢之炼金术师FA
在付出与回报的化学反应，汗 ... ",24,SHIROBAKO,11,8.8,8720,['本作的故事主要围绕追逐梦想的五名女生——宫森葵、安原绘麻、坂木静香、藤堂美沙、今井绿展开，是一部描写以白箱的完成为目标而奋斗的她们，每天遇到的麻烦以及策划工作时碰到的纠葛与挫折，还有制作组在制作作品时的团结和冲突的动画业界的日常的群像剧作品。 ']
26话/2004年1月1日/神山健治/士郎正宗,攻壳机动队 S.A.C. 2nd GIG,"好看好看好看好看 ,攻壳动画版主要取材自原作漫画第1部，但在漫画的基础上做了太多魔改（我觉得漫画1.5部里的故事也很有意思，可是没动画化）。除了下面列举的这些之外，动画化时还有不少原作中的小细节也被化用了，不过都是在重新组合之后，以新的面貌出现在动画中，可见其用心改编▇▇▇▇的程 ... ,伊藤计划批东浩纪之自相矛盾、见解低下
2005年10月7日
译 B. / 校 T. / 伊藤计划目录[http://bgm.tv/blog/281026]
《ユリイカ》 2005年10月号 特集 攻殻機動隊 STAND ALONE COMPLEX
[见原书这篇文章：アニメは 「この世界」 へと繋がっている　公安９課が解散 ... ,写在知乎准备答《牛虻》的答案，想了一下在bgm也提过合田一人的“个别的11人”病毒以及久世英雄的革命的“圣处男”的问题，就再发一份。相比第一季，第二季变得朴素是必然的，毕竟有押井守操刀，他拍的东西大多是一些古典奇观。
不知道命中了什么关键词，直接转图了
--- ... ,在知乎看到的，原作者@李淼。目前看过最详细介绍此事件的文章了，把链接贴在下面，剧情异常精彩，比看一些推理小说还刺激~了解过事件原型后对攻壳这部作品又多了份敬意。
出题篇：
谜团密布的昭和末年 —— 格力高・森永投毒案（1）[https://zhuanlan.zhihu.com/p/28768796 ... ",26,攻殻機動隊 S.A.C. 2nd GIG,2,9.1,3892,"['这个世界距离我们并不遥远，你把它看作是现代社会的镜子亦为不可。', '\n也许：无论人类怎样发展，人性是不会改变的，即使容纳这渺小人性的外壳换作了机器身体亦是一样。', '\n无论怎样，在一个充斥着改装身体的社会里，人类的欲望得以被延续且发扬光大，由此相关的犯罪也应运而生。', '\n由荒卷所领导的特务组织：公安9课，其实就可以算是日本社会的清洁剂。']"
26话/1998年10月23日/渡辺信一郎/矢立肇/川元利浩,星际牛仔,"世有明珠一颗，久被尘劳关锁
今日尘尽光生，照破山河万朵
毕业时老师给的诗先镇个楼，刚看完心情太激动了不知道怎么下笔。作文在写了在写了，明天就交 ,对于许多感情忠贞的好男人来说，斯派克和杰克这两个人肯定深深打动了他们的心。动漫中这两个人既讲义气又专一于爱情，实属是男人的楷模。但为什么刚开始都放不下过去的两人却有不同的结局?我想，这也是斯派克的可悲，他遭受的阻力太大，爱和恨的人也不像杰特那样或是不 ... ,单元剧不是很和我的胃口 ,星际牛仔以动画的体裁呈现了一部影视剧，是非常不动画的动画。星际牛仔是浪漫，但浪漫绝不是它的主题而只是表现的形式，也并不只是“男人的浪漫”，若问我它讲了什么，它在内容上的主题是人生，往事，夹杂着对上世纪音乐文化、电影文化的华丽致敬。每个人都必须背负过去的重 ... ,。 ",26,カウボーイビバップ,1,9.1,6889,"['2021年，随着超光速航行技术的实现，人类得以在太阳系范围内方便的自由移动，但是由于设计上的失误，这种技术引发了月球的爆炸，无数的月球碎片被吸引向地球，造成了空前绝后的大灾难。存活下来的人类逃离地球，并开始在太阳系各地建立家园。由于这次灾难，国家、政府等权利机构都极为不稳定、治安问题也成为了一个难题。为了在人力资源不足的情况下抓捕罪犯，有些组织开始允许个人抓捕通缉的罪犯并换取奖金，“赏金猎人”这个职业也就由此诞生了。', '\n', '\n史派克（Spike）和杰特（Jet）是驾驶飞船Bebop号在宇宙中以捉拿逃犯获取奖金为生的赏金猎人。两人在星际间的旅程中，结识了身负巨债、嗜财如命的美女菲（Faye）和电脑神童艾德（Ed），并收养了拥有高智商的数据狗爱因（Ein）。从此，四人一狗游荡在广阔之宇宙之中，在自己与他人的生活中经历著种种悲欢离合，也寻找著各自的过去。']"
1话/1993年8月7日/押井守,机动警察 和平保卫战,"最近没事，又把鸭子的几乎所有的动画电影看了一遍。再结合关于鸭子的纪录片，对谈还有机动警察的演出笔记，对鸭子为什么能在动画领域取得极大成就，但是在实拍电影领域却屡屡受挫有了点新的看法。个人觉得不是鸭子本身作为导演的水平不行，最关键的还是电影观的问题。这 ... ,首都决战绝不仅仅是和平保卫战的真人翻拍版，就像标题中的the next generation一样，这次主打的是世代交替。所谓一件事第一次发生是正剧，第二次发生则是闹剧，湾岸大桥在22年后再度被毁也有着完全不同的意义。
93事件中的拓植派是不折不扣的体制精英。拓植本人在新 ... ,不是电影专家也不是押井守专家，就随便看几个片子瞎扯几句，还请轻喷。文章里的一些词都是自己乱想出来的，和实际使用中的意思可能不一样，大家理解就好。
最近看了这部机动警察的剧场版，再加上之前看的攻壳两部剧场版，以及押井守做剧情的攻壳两部TV动画，我发现其中有一 ... ,论日本动画电影的思想深度，今敏，大友克洋甚至痞子的作品都是非常有深度的。但是看了押井守的作品后，我依旧被吓到了，如果《人狼》还只是把六十年代的全共斗作为背景，这部《机动警察》直接直言不讳地把政治作为主题，不仅直接映射越南战争，对资本主义国家对别国的侵略战 ... ,伊藤计划批东浩纪之自相矛盾、见解低下
2005年10月7日
译 B. / 校 T. / 伊藤计划目录[http://bgm.tv/blog/281026]
《ユリイカ》 2005年10月号 特集 攻殻機動隊 STAND ALONE COMPLEX
[见原书这篇文章：アニメは 「この世界」 へと繋がっている　公安９課が解散 ... ",1,機動警察パトレイバー 2 the Movie,24,8.7,943,"['若干年前，陆上自卫队某战车小队在东南亚某处遭遇袭击，除队长柘植行人外，全军覆没。', '\n时间又回到今天，海湾大桥突然爆炸，民间一度陷入恐慌。一位名叫荒川茂树，自称是自卫队调查部的人找到后藤与南云，告诉他本次事件的真实情况是由不明身份的战斗机发射导弹袭击大桥所致，同时他认为已经失踪许久的柘植行人是最大的嫌疑犯。正当后藤他们拜托松井协助调查的时候，日本各地却纷纷出现空袭的虚假警报，其目的大都是东京圈。为此军队与警察等部门也陷入了彼此对立、不知所措的困境中。为了防范未然，政府调动部分忠于自己的自卫队进驻东京。', '\n在松井不懈的努力下，终于查到柘植行人的蛛丝马迹，南云亦已察觉到这个昔日的恋人正是此次动乱的策划人。不过由于荒川的参入，柘植行人没有再与南云接触，他彻底消失在了夜幕中。', '\n恐怖的前兆终于发生：东京的通讯系统突然完全瘫痪，驻扎在市内各处的部队也变成了如盲人般，根本无法有效行动。而此时，满载着毒气的巨大飞艇正在接近这个不设防的城市.....']"
22话/2017年10月14日/新房昭之/羽海野チカ（白泉社ヤングアニマル連載）/杉山延寛,3月的狮子 第二季,"新房昭之x羽海野千花
--首先从羽海野老师开始，决定制作第二季的时候有什么印象吗？
羽海野：对我来说，第一季动画的质量很让人高兴，看完的感觉特别幸福！不过反过来说，做出这么好的动画之后，原作要是出现问题的话，对相关的所有人来说都很失礼。如果之后原作暴走了，都会有 ... ,《我讨厌日本卡通片》系列日志是我对于客观公正评价日本卡通片的尝试，我会在日志中总结并提出一部卡通片中的种种不足，并发表一些自己的感想。我写这些日志的目的绝不是试图说服其他观众，让所有人都认同我的观点，毕竟评价日本卡通片的意义就在于提出不同的见解。话 ... ,和有顶天家族一样是我一次性补掉的作品。新房独有的意识流与全剧深入人心的独白，在日常之中一步一步揭示关系的过程既温馨又酸甜，每个人的心中都有对他人的思念（想法），一路走过，感谢有你。【写作动画，读作人生的作品】 ... ,看完后的满足感，让人完全忍不住想给高分，第二季相比于第一季，不只是局限于介绍人物了，更多是对于一些现实的问题，描写的相当好，残酷又温柔，暴力，瓶颈期，背负的东西，原因。
这一季，一共讲了大概7~8个故事，更多是周围人的故事，第一季主角还是零，关于零的一切，扭曲的家庭关系，还有 ... ,4集 :手冢Production
分镜：大石美絵 演出：板村智幸
6集 :手冢Production
分镜：数井浩子 演出：外山草
7集 :手冢Production
分镜：笹木信作 演出：原英和
9集 :手冢Production
分镜：坂本一也 演出：岩井明香
11集 :手冢Production
分镜：岡田堅二朗演出：城所聖明
一季全给了 ... ",22,3月のライオン 第2シリーズ,10,8.8,3043,[]
27话/2007年4月1日/今石洋之/GAINAX/錦織敦史,天元突破 红莲螺岩,"当反螺旋族说是西蒙改变了你的时候，我不禁想说，不，不是这样的。不是西蒙改变了妮娅而是妮娅拯救了西蒙，而妮娅从未改变。从一开始妮娅就是那边的坚毅勇敢，从她对父亲的提问开始，妮娅开始不断的探索前进。而她在明白了父亲的所作所为时，她也毫不迷茫的前进了就像一个真 ... ,反螺旋族代表用惆怅而带着剥离感的语调问道：“为什么不惜如此也要反抗我们呢……异常者、奇怪的自我意识。不过你们螺旋族一定觉得一切都是理所当然、顺利成章的吧。仔细想来，当年我也抱有和你们一样的想法。”
尼娅愤愤地瞪着反螺旋族代表：“他一定会来的！”虽然 ... ,梳理TV和剧场版的主线片段：
1、“螺旋族”为了防止失控的螺旋力毁灭宇宙，倒戈成为反螺旋族打败了以罗杰为首的螺旋族……
2、螺旋王屈服于螺旋族，为了保护人类压制人类于地下……
3、西蒙为了继承大哥最初的目标，带领“大红莲团”在向前进的路上打败了螺旋王……人 ... , 我自认为不是这种少年漫的受众，浪漫是浪漫了，但憨憨总是憨憨的，总有很多问题，这片也一样，不说捏着鼻子，罗修了，还能看出来在努力的圆设定和好多东西，加旁白解释刚刚发生了什么，也向观众解释，但问题还是多多，以至于前面体验一直非常一般，我看的很慢，前半爆点也就大哥死和螺 ... ,个人心目中的排行，纯粹图一乐，欢迎讨论。
顺便记录我看过哪些日漫。
偏爱剧情优秀的，但剧情也不是动漫的全部。人类的赞歌就是勇气的赞歌
同栏位排名不分先后。
——完美——
没有任何问题，绝对好看，完成度高，所有人都喜欢，绝对完美，一个上限，一个标杆。（当然不存在）
... ",27,天元突破グレンラガン,23,8.6,5772,"['这是一个被命运背叛的男人，战斗、继续战斗、不断战斗的热血故事。', '\n日复一日，地下村庄基哈村的少年西蒙始终拿着钻头挖掘，并习以为常。但是，西蒙的好友，被称为“大哥”的卡米那终日叫嚣着所谓地上的世界。“穿破天际，到地上的世界去看一看吧”卡米那每日这样想着。但一直未能成功。直到一天，巨大的机械怪物——“颜面”打破村子的天井，进入村子破坏。确认了地上世界的存在，卡米那热情高涨，与地上来的少女优子、小弟西蒙三人一起对抗颜面，并驾驶西蒙意外挖出的机械——“螺岩”冲出了天井，达到了地上的世界！', '\n地球表面展现在少年少女面前，但其实地表上有更多的“颜面”，不断战斗的冒险故事就此展开。西蒙的未来，以任何人都无法想象的方向展开。']"
1话/2010年2月6日/武本康弘/谷川流/池田晶子,凉宫春日的消失,"更长一点的标题：《消失》古泉削苹果的演出意图分析以及与《少革》第五集类似场景的对比
《消失》古泉在阿虚的病床旁一边与阿虚聊天一边削苹果一段十分漫长，B站弹幕将古泉的削苹果的行动看作是Staff为了不使对话显得无聊而设计的人物小动作，但就Staff在削苹果的 ... ,「…..小学毕业之后，我便从那孩提时代的梦想毕业，逐渐习惯这个世界的平凡。而让我还有一缕期待的初中也没有发生什么事。人类依旧无法迈出月球到其它星球去。看这情况，在我还活着的时候，想从地球当天往返阿尔法人马座似乎是不太可能的。
我脑海中时而幻想着这些事， ... ,我很好奇，难道这世上没有任何一部作品在《凉宫》之前描写过烦闷日常并且与之对抗的故事吗？人们总是忙在后世寻找它的影子，那凉宫之前的时日里，前人究竟留下了什么？凉宫绝不是开天辟地倏然出现的吧？穿越时空，美少女，恋爱，校园，反日常力求有趣的主旨。这些特点难道在此之前 ... ,转自本人豆瓣影评
作为受巨人影响入宅的一匹新人来说，我已经把能补得都补了。作为日本轻小说销量之王，凉宫的动漫自然不会错过。但是看凉宫还是在我对番剧阅历还没多少的时候，所以当时被于谷川流的脑洞之大所折服，竟能把这些看似不相关的元素完整的拼凑起来还演绎 ... ,作为京阿尼的头号粉丝，凉宫这部神作当然是在很早的时候就看过了，当时的我才刚刚入宅。看完后只是觉得剧情很有趣，人设很棒。就在不久之前，我重新回顾了这部作品，也许是已经看了不少作品的原因，当我再次回味这部作品时，我有了之前没有过的感触。作为现在每季的新番都会 ... ",1,涼宮ハルヒの消失,22,8.6,9471,['转眼间经已12月18日，凉宫春日期待已久的圣诞节即将来临。SOS团火锅派对的活动拍板以后，阿虚就带着烦恼回家。第二天，阿虚如常上学，但他很快注意到，学校发生了与平日完全不同的事。应该在后面的座位的凉宫春日不在，却换上了理应让长门有希消灭了的朝仓凉子……']
1话/1998年2月28日/今敏/竹内義和,蓝色恐惧,"剧透警告！！！！
(=///=)(=///=)(=///=)(=///=)(=///=)(=///=)(=///=)(=///=)
-------------------------------------------------------------
--------------------------------------------------------------
------------------------------------------------ ... ,用了两个晚上看了今敏大师的两部作品，一部是红辣椒，一部是未麻的部屋。我寻思着好久没有写日志，就趁着还沉浸在“梦”里写个随笔。
当看红辣椒的时候，给我一种盗梦空间的感觉，但是这种既视感并不好，非常影响对作品的认知。慢慢的开始进入“梦境”后就会分不清现实与 ... ,看到最后我算是彻底懂了，绝对的精神分裂悬疑片，未麻其实是最正常的，中间那些不正常行为全是那个留美搞出来的，人除了那个建网页的瘦宅是因为性骚扰未麻被未麻杀了，其余制作人都是神经病留美杀的，留美为了成为像未麻一样的偶像，屋子穿着都和过去偶像未麻一样，到最后受不 ... ,故事本来简单
《未麻的部屋》本来就是一个很简单的故事。未麻作为一个偶像歌手，决心转战影视。于是她经历了大多艺人所经历的艰难打拼的过程，包括出道的时候戏份太少，随后出演比较大尺度的强暴戏，继而拍裸体写真赚人气；在这过程中还要承担转型的心理压力，fans的接受 ... ,刚看完perfect blue，感觉这就是个用很悬疑的手法讲述一个并不复杂的故事的动画电影。不知道自己理解的是否恰当。（不得不感慨监督对故事的把握能力真的好强啊！）
故事大概是这样的吧：
未麻是人气偶像歌手，但是在自己同意的情况下，听从了事务所的建议，转行当了演员。为 ... ",1,PERFECT BLUE,20,8.7,3299,['雾越未麻是流行音乐偶像团体“CHAM!”中的成员之一，但是在公司的决策下，她开始转型为演员。但她却感觉内心有个声音在拒绝自己的选择，而未麻的一些歌迷也反对这个决定。随着越来越多电视剧的演出，未麻却觉得自己的头脑越来越奇怪，仿佛有“另一个自己”正在形成。这时，她身边的工作人员竟一个个接连被杀。在面对社会压力和疑云之际，未麻感到越来越混乱…']
1话/2009年6月27日,福音战士新剧场版：破,"EVA这部作品的诞生不是偶然，不知怎么的我这么认为。
很多年以后才开始真正有些理解EVA，然后对明日香无比心疼。 旧版绝望满溢，却没有放弃救赎的、仿佛自虐一样的世界末路感觉。那时候的庵野秀明给我一种宁愿毁掉也不妥协的感觉。
而他又是多么幸福……无论新版 ... ,>.<要是出现了渚薰和碇搞基的画面我也要搞基＠live
3D版才能算是Rebuild of Evangelion补完嘛 ,前几天终于补了Evangelion。
从TV版第一集开始，到昨晚补完破，只有一句话可以说：
“我还能说什么，我已经无话可说。”
可是，不说些什么心中又好像有东西噎着不爽。于是还是说两句吧。
EVA是我出生的那一年开播的。到现在已经有十七年，依旧长盛不衰。现在想要说 ... ,EVA这样的东西我可以写出什么来呢？只看过《序》和《破》的我可以写出什么来呢？这样的问题困扰了我大半年后，我觉得受够了。问题悬而不决不是我的风格，思考发呆也要有个限度，还是不管三七二十一地来唠叨几句算了，毕竟我们也只有唠叨的份儿。
14岁
EVA的驾驶员只能是1 ... ,一共有539张图，再换成UBB贴过来会死人的，所以这次搬运就只放链接了……
图多杀猫= =.
我自己写都写到系统提示Firefox内存不足，于是后来把图片全部压缩了。
其中（上）是用的外链图床，（中）和（下）都是BLOG服务器的本地链接了。
EVANGELION:2.22 YOU CAN (NOT) ADVANCE（上）[ht ... ",1,ヱヴァンゲリヲン新劇場版:破,21,8.6,6648,['在参拜母亲坟墓的回程途中，真嗣和葛城美里遭遇了第七使徒的攻击，关键时刻2号机势如破竹挫败对手，真嗣也由此结识了2号机的操纵者式波·明日香·兰格蕾，与沉默寡言的绫波丽不同，明日香自信张扬，甚至有些自大，在和真嗣相处的日子里，彼此闹出不少的笑话，他们三人分别驾驶着零号机、初号机和2号机，抵抗了第八使徒猛烈的攻击，在这一过程中，淡淡的情愫悄然在这三个青年男女的心中萌生，不久后，第九、十使徒相继降临，真嗣他们面临着生与死的残酷考验。']
1话/2004年3月6日/押井守,攻壳机动队2 无罪,"最近没事，又把鸭子的几乎所有的动画电影看了一遍。再结合关于鸭子的纪录片，对谈还有机动警察的演出笔记，对鸭子为什么能在动画领域取得极大成就，但是在实拍电影领域却屡屡受挫有了点新的看法。个人觉得不是鸭子本身作为导演的水平不行，最关键的还是电影观的问题。这 ... ,当人们在使用机器从事生产的过程中出现了事故，人们不会去怪罪机器，而是会怪罪操纵机器的人。当然，这并不是最好的方案，尽管操作失误的工人确实应该被认为是有罪的，更意义的应当是反思机器的整套设计上的缺陷并且加以改进。如果是工人看错了仪表单位，那为什么不将不同 ... ,攻壳动画版主要取材自原作漫画第1部，但在漫画的基础上做了太多魔改（我觉得漫画1.5部里的故事也很有意思，可是没动画化）。除了下面列举的这些之外，动画化时还有不少原作中的小细节也被化用了，不过都是在重新组合之后，以新的面貌出现在动画中，可见其用心改编▇▇▇▇的程 ... ,伊藤计划批东浩纪之自相矛盾、见解低下
2005年10月7日
译 B. / 校 T. / 伊藤计划目录[http://bgm.tv/blog/281026]
《ユリイカ》 2005年10月号 特集 攻殻機動隊 STAND ALONE COMPLEX
[见原书这篇文章：アニメは 「この世界」 へと繋がっている　公安９課が解散 ... ,悲于鸟血,而不悲鱼血,有声者幸也。
otaku曾经、乃至现在，都难以发出自己的声音，因而为文化小众感所苦。而愈加异类的我，在ACG中也难以求得认同。
“你觉得现在的自己幸福么”“真是令人怀念的价值观啊。至少现在的我，已经没有这种矛盾了”
独自过活、不作恶、少欲 ... ",1,イノセンス,19,8.7,3063,"['故事发生在不远的将来，那时科学技术相当发达，出现了纳米机械和生物电脑，Cyborg义体开始全面普及，整个世界由光和电子连接，人脑也可以直接联入网络。', '\n主人公是专门打击恐怖犯罪的政府直属机关公安九课的刑警巴特。巴特其实也是一个机械化了的人类，他的四肢以及大部分身体都是人造机械代替品。在他的大脑中仅残留微薄的人间记忆，那个叫“素子”的女孩总是浮现在他的脑海中，怎么忘也忘不掉。', '\n某天，一个少女型的玩偶机器人突然失控，杀害了拥有她的主人。“为人类服务而制造的机器人，为什么反过来袭击人类？”为了弄清除原因，巴特和搭档德古沙立即展开调查。进入电脑网络后，巴特的“脑”不断受到无名黑客的攻击，他也在艰难中，一步步接近事情的真相……']"
10话/2019年4月28日/諫山創（別冊少年マガジン連載／講談社）,进击的巨人 第三季 Part.2,"说实话我本来都不知道这个网站，看B站一些动漫排名视频（不表示B站的那些视频就绝对客观，只是由此觉得bangumi可能有点东西，可能是一个ACG圈子的良性讨论社区）就过来想看看这个网站是如何做到更客观公正的评分了，结果进来找到自己最喜欢的作品进击的巨人，结果发现本应作 ... ,第一篇日志，我觉得在个人主页发表日志能比在评论区发表评论更畅所欲言。
第一次知道进击的巨人还是小学的时候，那时候很多人都在讨论。不过当时的我是无法理解那些人的心情，认为看动画片什么的太幼稚了（哈哈，自我嘲讽）。
——————剧透哟—————————— ... ,我给了进击的巨人第二第三部一分，不是因为进击的巨人质量高低，而是最近一个巨人脑残粉刷分，比进击的巨人高的大部分都是一分，CL、Eva、攻壳机动队……全部都是一分，然后巨人全部十分。
进击的巨人这部作品我接触的比较早，第一部是看完了的，比较满意，所以我给了它八分，其 ... ,个人心目中的排行，纯粹图一乐，欢迎讨论。
顺便记录我看过哪些日漫。
偏爱剧情优秀的，但剧情也不是动漫的全部。人类的赞歌就是勇气的赞歌
同栏位排名不分先后。
——完美——
没有任何问题，绝对好看，完成度高，所有人都喜欢，绝对完美，一个上限，一个标杆。（当然不存在）
... ,艺术与商业的美丽结合，最开始热血的吸引，然后悬疑的铺垫，中间转化并暗示与人的关系，最后主题的升华，震撼人心，开创了新时代的作品 ",10,進撃の巨人 Season 3 Part.2,18,8.7,3905,[]
26话/2005年10月22日/長濵博史/漆原友紀/馬越嘉彦,虫师,"虫师的故事没有主线 只是从银古的视角 围绕着“虫”这一架空概念 去展开一个世界 展开各种各样的人的一生
每个单元剧的主角都有着自己的世界 对家庭的理解 对朋友的理解 对梦想的理解 对世界的理解 以及对自己的理解
这些不同既与环境相关 又会体现在环境上
... ,可算是看完了，不知道什么时候就来一集，今天终于看完了。就是银谷到处帮助被虫困惑的人，中间穿插银谷的过去，有好结局有坏结局，都是为了生活，还有亲情爱情，人情冷暖基本都有体现，恐怖倒是一点都不恐怖，有些地方欣慰，有些地方悲伤，可惜，看似平静，但是感情丰富，氛围感一流。
不 ... ,1.14【籠のなか】决断
2.12【香る闇】时间循环
主人公进入有香味的洞穴，便能穿越到人生的某一节点，清除记忆，重新过活，于是不断循环地过一段人生。主人公的既视感越加严重，某次遇到银古后，他做出抉择，想看到那个从未见过的未来，从未见过的妻子的脸庞。可惜，那不是一个美 ... ,整不番都非常不错，我一口气全部看完了（包括剧场版），成熟深刻的动漫，需细呷慢赏，静观其声色。我期待后续，..................话说为什么就只有银古穿衬衫裤？(bgm59)(bgm59) ,DAY11配乐最喜欢的动画
虫师
介绍：出品时间2005年10月，监督长滨博史，系列构成长滨博史，原作漆原友纪，制作公司ARTLAND。背景设定中的虫并非现实中的虫，而是在进化早期最接近生命原始形态的物体，故事则是以虫师银古遇到的各式各样的虫以及被虫影响的人们为中心展开。
... ",26,蟲師,17,8.7,6040,"['这里的虫既不是动植物，也与微生物和菌类不同，是更接近生命原生态的东西。这些东西总称为“虫”。它们的形态和存在都很暧昧，当人与虫的世界重叠之时，发生了超越人类智慧的怪异现象，此时人类才开始知道它们的存在。 ', '\n所谓生命，并非为威胁异己而存在。只是，各自以各自的形态存在着——作为连接这样的”虫“与人类的”虫师“--主人公银古，在旅途中不断与各种各样的人及与其关联的虫相遇。绘就了每话登场人物各不相同，读不尽的画卷。']"
10话/2014年4月4日/長濵博史/漆原友紀/馬越嘉彦,虫师 续章,"1.14【籠のなか】决断
2.12【香る闇】时间循环
主人公进入有香味的洞穴，便能穿越到人生的某一节点，清除记忆，重新过活，于是不断循环地过一段人生。主人公的既视感越加严重，某次遇到银古后，他做出抉择，想看到那个从未见过的未来，从未见过的妻子的脸庞。可惜，那不是一个美 ... ,
“尝遍人意不留意，写尽诗情不言情”——记《虫师》
----------------------------------------------
那应当是一个深春时节，风在山林里回转，半腿深的野草随意摇摆。银古吹出一口烟，就有几条虫在空气里仓皇游走。他把手插进口袋里，转过身说：“那么，出发吧。”
这 ... ,还是熟悉的味道，大自然的绿色看着舒服，音乐听着怀孕，诗情画意，意境十足。
这番需要品茶一般的心境观看，最好就是一边喝着绿茶，一边观看着最新一集。 ,—前记—
某是准备挑几集有感触的每集写一篇乱七八糟的感想的。
以下请注意，不喜绕道谢谢：
【发散思维向】【人生感悟向】【断章取义向】【文笔糟糕向】【LZ伪中二病】
—正文—
不知观文的诸位是几几年开始接触的虫师，等TV等了几年，等续章又等了几年？那些看原作， ... ",10,蟲師 続章,34,8.5,2353,['另一个世界，住着一群与常见动植物截然不同的生物。远古以来，人们敬畏地称它们为“虫”。当虫的世界和人的世界重合时，虫师银古便会出现。介绍中提到的虫显然不是看上去肉呼呼扭动的小东西，而是一种最接近生命本源，类似灵体的生物。它们有自己的生存方式，而这种方式却可能有悖于人类的常识，甚至危害人类的生存。于是就出现了“虫师”这种职业，他们云游四方，对虫的生命形态，生存方式进行研究，并接受人们的委托，解决可能是由虫引起的怪异事件。银古，正是他们的一员。 银古出入穷乡僻壤去追寻虫的足迹。虫可能潜伏在人的身体中，潜伏在沼泽地中，潜伏在整个山岭中，带来疾病、瘟疫等可怕的灾难。银古总能找到结症，予以化解。']
110话/1988年1月8日/田中芳樹/本木久年(1期)、久米一成(2期)、清水恵蔵(3期～),银河英雄传说,"
(bgm38) ,角色设计是一部动画给观众带来的第一印象，即使对剧情一无所知，往往单从角色设计就能大概看出故事的类型甚至情感基调。比如京阿尼的萌系人设很适合它通常以高校为舞台，轻松细腻的故事风格；而看到毫无特点的‘轻改脸’我们就知道这很可能又是一部无聊的轻改后宫动画 ... ,第一部
第一话 永恒的夜
（马勒）第3号交响乐，（莫扎特）单簧管协奏曲，同盟国歌，（贝多芬）第8钢琴奏鸣曲-悲怆奏鸣曲，（尼尔森）第4号交响乐 “不灭”，（马勒）第2号交响乐 “复活”，帝国军军乐曲
第二话 亚斯提星域会战
（马勒）第3号交响乐，（赫尔姆斯伯格）恶魔的舞蹈，帝国军军乐曲，同盟 ... ",110,銀河英雄伝説,15,8.8,1143,"['提醒：剧情简介包含了银河英雄传说ova版的全部内容，如担心剧透，请谨慎阅读和避免点击展开选项', '\n------------------------------', '\n\u3000\u3000《银河英雄传说》的时间设定约在距今一千六百年后，范围约扩及全银河系的五分之一。当时宇宙中存在着两大势力，分别是专制的“银河帝国”，和由逃出帝国的共和主义者建立的“自由行星同盟”。 帝国视同盟为“边境叛徒的根据地”，同盟则将帝国当作“邪恶的黑暗专制势力”，彼此水火不容，持续了长达二百多年的战争。在两国领域之间，充满了不利宇宙航行的异常重力场，使得两国间的通道，只有著名的“费沙回廊”和“伊谢尔伦回廊”。伊谢尔伦回廊有着难攻不落的强大军事要塞，而在费沙回廊中，是介于两大势力间的半独立国——“费沙自治领”。因此整个宇宙就在专制的高登巴姆王朝银河帝国和崇尚自由、自主、自尊、自律的自由行星同盟及以经济、情报生存的费沙三方平衡之下运转着。', '\n\u3000\u3000终于，双方各出现了一位年轻的英雄：帝国的莱因哈特·冯·罗严克拉姆，和同盟的杨威利。历史的车轮开始转动了。两人带动整个银河的局势急剧的变化着，他们和同时代涌现出的许多优秀的将士们一起，展开了一连串精采纷呈的战役。 莱因哈特在掌握政军大权后，击败了帝国内大贵族的势力，完成许多平民期待中的改革，并利用帝国皇帝挟持事件，正式向同盟宣战，而第一步即是拿下费沙。大军避开有着强敌及强大要塞的伊谢尔伦回廊，取道费沙向同盟进攻。虽然同盟军在杨威利的巧妙指挥下，取得了战术上的胜利，但就在杨威利即将击毁莱因哈特的旗舰时，自由行星同盟被逼宣布投降，在帝国的主宰下维持着屈辱的政权。', '\n\u3000\u3000不久，由于同盟政府的自作聪明，想先杀了已退役的杨威利来讨好帝国驻同盟高等事务官，终致引发了一连串的动乱。杨威利在旧部下的营救下成功逃出，并联合艾尔·法西尔自治政府，重新夺回伊谢尔伦要塞。而莱因哈特则正式率军灭亡同盟，接着便进攻伊谢尔伦要塞。双方在伊谢尔伦回廊大战，因莱因哈特病倒而休兵和谈，而杨威利在前往和谈的路上不幸遭到地球教暗杀。其妻格林希尔接任他政治上的职务，而其养子尤里安·敏兹接任其军事上的职务，继续杨未竟的事业。接着，帝国重臣，新领土总督罗严塔尔元帅被逼反叛莱因哈特。与他并称“帝国双璧”的挚友米达麦亚奉命领军讨伐，罗严塔尔身亡。莱因哈特为了一统全宇宙而再次举兵进攻伊谢尔伦回廊。尤里安经过艰苦的战斗终于获得了和皇帝莱因哈特谈判的机会，以归还伊谢尔伦为代价换取原同盟首都星系的内政自治权，保留下了民主的火种。而莱因哈特也在不久之后病逝。', '\n\u3000\u3000《银河英雄传说》的视点不仅仅限于描写以莱因哈特和杨威利为代表的英雄人物的传奇，更向广大读者提出了一个令人深思的问题：宇宙中是否存在独一无二的真理？“清廉的专制”与“腐败的民主”之间，何去何从？这使得这部作品超越一般奇幻作品常见的“善与恶的争斗”的主题，而有了更加深邃的内涵。在历史的洪流之中，各种不同价值观的碰撞，构成了银英这部史诗的主旋律。']"
1999年10月20日/宇田鋼之介（1-278）、志水淳児（131-159）→境宗久（244-372）→宮元宏彰（352-679）→深澤敏則（663-891）、伊藤聡伺（780-782）→長峯達也（780-782、892-）、暮田公平、小牧文（892-）/尾田栄一郎（集英社「週刊少年ジャンプ」連載）/小泉昇（1-425）→久田和也（385-891）→松田翠（780-782、892-）,海贼王,"bilibili.com/video/av82467294
acfun.cn/v/ac12266191
动漫：
ONE PIECE【bgm.tv/subject/975】
BGM：
スタジオネネム-黄泉路行进曲
pan.baidu.com/s/1Axf6_bSS4fZCrs5Oj3MHOw ,看到现在，我依然觉得海贼王让我能够燃起来，还在激励我。 ,海贼王如此长篇幅的一部日本卡通片，让我讨厌的原因自然也很多，我们一个一个来说：
1. 篇幅的长度：
开好车的就一定是好人吗？篇幅长的就一定是好日本卡通片吗？海贼王过长的篇幅总是让我觉得厌烦。并不是什么东西都一定要追求长度，短怎么了？短总会有短的好处。篇幅长了，可 ... ,很不错 ,好看好看好看好看好看好看好看好看 ",未知,ONE PIECE,35,8.5,6357,['\u3000\u3000传说中海贼王哥尔·D·罗杰在死前说出他留下了具有财富、名声、力量的宝藏「ONE PIECE」，许多人为了争夺ONE PIECE，争相出海，许多海贼开始树立霸权，而形成了大海贼时代。十年后，草帽小子 蒙其·D·路飞为了要实现与因救他而断臂的海贼红发香克斯的约定而出海，在遥远的路途上找寻着志同道合的伙伴，一起进入「伟大的航道」，目标当上海贼王。']
26话/2004年5月19日/渡辺信一郎/Manglobe/中澤一登,混沌武士,"这部作品不是爆款甚至冷门，但确实是伟大的艺术品。它是一部融入了嘻哈元素的公路动漫，放在江户时代的大背景中，展现了一副文化相互冲击之下喜怒哀乐的旅程画卷。天主教、涂鸦、嘻哈、棒球、枪炮与武士、浮世绘、花街、岛腔、刀剑格格不入，形成了鲜明的对比。在冲突 ... ,多久没有看到过这种全面的动画了，搞笑，感动，打斗，每一项都包括，每一项都不差，三人的24集旅程，感觉自己也能参与进去，结局也是算很棒了，每个人在这趟旅途中都完成了心愿，最后都离开了，天下没有不散的宴席，他们经过这次旅途看开了，我还做不到，这是我学习的地方。
这动画能把历 ... ,人生就像一场没有终点的旅途，没有人知道起点和终点在哪里，只是不断的向前寻找，偶尔在一个十字路口邂逅一个人，陪伴着上路，走向下一个分开的路口，其中的爱恨情仇、启承转折，却又能向谁述说。而渡边信一郎，一代鬼才，用26集篇幅，创造了一个世界，一个会跳街舞的浪人-无幻，一位 ... ,接上：http://bgm.tv/blog/276743[http://bgm.tv/blog/276743]
Ep18#文武两道#：把涂鸦放到江户时代的故事。
*精彩的一处双关。
Ep19#因果报应#：看完之后回过来看这一话，确实是在讲和主线有关的天主教的内容没错，但好像本话的主要故事又没多少和主线相关的实质内 ... ,早年看完「星际牛仔」(Cowboy Bebop)后差点动画毕业，进入贤者模式好长一段时间。搜了搜渡辺信一郎监督之后的一部作品是「混沌武士」(Samrai Champloo)，但看评价似乎并没有超越CB，而且我对昭和时代以前的旧时代背景的故事和以刀剑为主要战斗方式的题材实在不感冒， ... ",26,サムライチャンプルー,32,8.5,4102,"['\u3000\u3000茶居屋里、代官的儿子和随从正在欺负客人，这时候进来一位全身充满野兽气息的流浪武士。在茶居屋工作的风被故意拌倒、茶泼到随从的身上，代官儿子正要砍掉风的手指的时候被无幻救下。另一方面、仁看不惯代官恶意欺压乡民，教训了代官一顿。其后仁在茶居屋碰到正在教训代官儿子的无幻，被无幻当作代官的手下高手而对打了起来。在一阵激烈的打斗后两人不分上下，这时茶居屋被人放火、无幻和仁在火中继续打斗直到失去意识。', '\n\u3000\u3000两人醒来的时候、已经被代官抓住，两人被施加酷刑并定在次日被斩首。晚上风想办法去救他们，但是由於钥匙被不小心弄断了而失败。第二天行刑时、无幻和仁挣脱捆绑杀了代官，但是在重重包围下渐渐体力不支。风适时的利用烟火成功帮助两人逃脱。', '\n\u3000\u3000刚逃出重围的无幻和仁准备分个高低但被风阻止。在投硬币后无幻和仁不得不陪风去寻找“有向日葵味道的武士”，三人的旅程至此开始。']"
1话/1961年/万籁鸣、唐澄/西游记,大闹天宫,,1,大闹天宫,33,8.5,2366,"['影片以西游记中孙悟空从诞生到大闹天宫这一段的经历为主要内容。', '\n', '\n1961年《大闹天宫》上集正式上映，在国内引起轰动。1964年，下集拍摄完成后由于文艺政策的变化，影片的全本没能够上映。1978年全本的《大闹天宫》终于得以上映。', '\n', '\n2004年，在《大闹天宫》问世40周年之际，上海美术电影制片厂特意推出了影片的珍藏版DVD，全长85分钟，是1964年放映的一个影院版。2009年网络上出现了基于40周年版的影迷修复版，其图像更加稳定和干净，并且重新插入了40周年纪念版里缺失的20多分钟内容，对影片中的声音也进行了修正。', '\n', '\n2012年1月11日，《大闹天宫3D》上映，由特艺集团制作3D特效。']"
10话/2014年10月18日/長濵博史/漆原友紀/馬越嘉彦,虫师 续章 第2期,"1.14【籠のなか】决断
2.12【香る闇】时间循环
主人公进入有香味的洞穴，便能穿越到人生的某一节点，清除记忆，重新过活，于是不断循环地过一段人生。主人公的既视感越加严重，某次遇到银古后，他做出抉择，想看到那个从未见过的未来，从未见过的妻子的脸庞。可惜，那不是一个美 ... ,
“尝遍人意不留意，写尽诗情不言情”——记《虫师》
----------------------------------------------
那应当是一个深春时节，风在山林里回转，半腿深的野草随意摇摆。银古吹出一口烟，就有几条虫在空气里仓皇游走。他把手插进口袋里，转过身说：“那么，出发吧。”
这 ... ",10,蟲師 続章 第2クール,31,8.6,1873,[]
3话/1998年3月7日/庵野秀明,新世纪福音战士剧场版 DEATH(TRUE)2/Air/真心为你,"1999年，宫崎骏曾经对宫崎秀明说：“不要让别人一提到你，就说，是那个做eva的庵野先生”，二十年后，果然如此。后面庵野的所有作品，出了《彼氏彼女》，之后，就再也跳脱不出《eva》了，庵野比起师傅宫崎骏敢于挑战未知的勇气，果然还是阿宅啊。 ... ,死与新生：
death篇是tv1-24总集篇，有两个修正版death(true)和death(true)2，现在优酷上搜到的73分钟的""死与新生""一般就是指death(true)2，是不包括""新生""(rebirth)篇的
rebirth篇，新剧情，后来被air篇借鉴，成为其前半部分的剧情，到量产机在明日香上空盘旋为止
air/真心为 ... ",3,REVIVAL OF EVANGELION 新世紀エヴァンゲリオン劇場版 DEATH (TRUE)² / Air / まごころを、君に,48,8.4,2584,"['《REVIVAL》的第一部分：「DEATH (TRUE)2」原先是作為《死與新生》的一部分推出。其中《死與新生》分為兩個部分：「DEATH」篇和「REBIRTH」篇。「DEATH」篇是60分鐘的電視動畫修正版，包括了重新製作的鏡頭和一些新鏡頭。「REVIVAL」所採用的版本，稱為「DEATH (TRUE)2」，是對「DEATH」的重新剪輯，去除《死與新生》的「DEATH」篇中的新鏡頭並且作一些小修改。作品的第二部分「REBIRTH」包括了《THE END OF EVANGELION》的第一部分，因此是《THE END OF EVANGELION》早期未完成的版本。', '\n', '\n《REVIVAL》的第二部分“Air/まごころ、君に”，即為劇場版「THE END OF EVANGELION」。']"
1话/2006年11月25日/今敏/筒井康隆,盗梦侦探,"大家好，我是友绅渡，今天我们来聊一聊由今敏执导，改编自桐井康隆的封笔之作《梦侦探》的动画电影《红辣椒》，又名《盗梦侦探》、《帕布莉卡》、《Paprika》。这部永垂不朽的经典之作为我们呈现了一幅幅光怪陆离、瑰异诡秘的奇妙梦境，并让我们沉浸在梦境之中，跟随我们 ... ,梦和现实的各种交错，脑洞大道极致，甚至在这种现实和梦的交换中，还有一个浪漫的爱情故事，人侵入梦境中，梦侵入现实中，现在终于知道为什么都说今敏的作品这么好，但是看完后，的确让人感觉心情舒畅，大胆的描写和脑洞，让人看着世界观得到了冲击，华丽的词不会写，但是我在这部作品 ... ,红辣椒中的人物，性格要么畸形，要么多重，要么矛盾，也因此，反映他们真实自我的梦中形象都不是自己。只有粉川警长，在梦中还是他自己。今敏在红辣椒中塑造了一个大家都有扭曲性格的世界，他把解决世界矛盾的突破口，交到了有着正常人思维的粉川身上。有着一般人的思考方式，对 ... ,色彩的洪水，洪水般的现实。
人物设计偏向写实，但又不失夸张，例如时田和社长的脸。有点像超现实主义绘画和抽象主义绘画，油画般的背景，引入繁复夸饰、富丽堂皇、气势宏大、富于动感的巴洛克元素，加上欧美经典桥段，表达对欧美优秀文化的致敬。
今敏天马行空的想象力，却 ... ,今天看完今敏导演的这部作品，我打下了7分的评分，吐槽是“梦境里那个游行的队伍让人眼界大开啊，真是具有非同一般的想象力啊~其他很多地方和平时做的梦也有共鸣啊，对梦的把握非常好啊~~~~~不过红辣椒的身份有点不太明白（其实就是没看懂剧情”。Bangumi上给的分数是8. ... ",1,パプリカ,47,8.4,4340,"['29岁的千叶敦子博士是一个非常有魅力的美女，同时她还是一位谦逊有礼的精神治疗医师，专门研究这项领域中的一些边缘学科。最近，她所在的实验室发明了一种名叫PT的全新心理疾病治疗方法，通过一种非常厉害的装置“DC-MINI”，从梦境中寻找隐藏在患者潜意识中的心理疾病的病根，然后有针对性地进行治疗。“DC-MINI”是由实验室的同事、出类拔萃的科学家时田浩作博士开发研制出来的，他是一个不善交际，只对食物感兴趣的书呆子。但是，这个装置只能在会使用它的人手里，才能发挥正面的功效，如果落入别有用心的人手中，就会造成破坏性的影响，因为它不但可以帮助修复人类潜意识的心灵创伤，还能通过梦境来操纵一个处在睡梦中的人的记忆和行为。', '\n在“DC-MINI”的帮助下，千叶敦子拥有了一个分身——18岁的梦侦探“红辣椒”，她勇敢无畏、做事干净果断，几次在梦境中给患者的治疗起了决定性的作用。然而最怕什么来什么，还在实验阶段的“DC-MINI”其中的三台被偷了，随着装置一起失踪的还有时田浩作博士的助手冰室启，这使敦子有理由怀疑绝非巧合。', '\n由于“DC-MINI”还处在审查阶段，并未被政府批准正式使用，所以装置的被盗为整个实验室带来了莫名的压力，此次事件很可能会促使政府下达命令停止整个计划的运作。随之而来的，是更大的麻烦，实验室中参与到此装置研究的几位科学家相继发疯，他们的症状非常一致，就是在醒著的时候仍然如堕梦中……他们在梦中皆被一个日本玩偶所迷惑，而这个玩偶恰恰就经常出现在冰室启负责治疗一位患有精神分裂的病人的梦中。由此，敦子确信偷走“DC-MINI”的人，无论是谁，肯定有个不可告人的邪恶秘密。', '\n实验室的主席岛寅太郎也开始不断受到古怪梦境的侵袭，甚至演变成要用自杀了结自己的一生……敦子决定亲自调查这一连串神秘事件的真相，时田浩作T恤上的一个图案给了敦子灵感，让她找到了冰室启所在的位置，化身为“红辣椒”钻进了他的梦中，然而“红辣椒”发现，冰室启也不过是个受人摆布的傀儡。由于岛寅太郎一直处在睡梦中无法醒来，已经濒临死亡，敦子决定铤而走险，以“红辣椒”身份进入岛寅太郎开始变得混沌的梦境之中，终于发现了幕后真正的黑手，原来就是他们实验室的另一位管理人乾精次郎。这时，梦境的力量大到已经扩展到现实中，黑暗开始吞噬整个世界，乾精次郎的化身，强大的“黑暗君主”也从梦境中跨越到现实中。而“红辣椒”也从梦中走出来与敦子并肩战斗……']"
3话/2015年9月26日/佐藤順一/天野こずえ/音地正行,水星领航员 The AVVENIRE,"感兴趣可以自行制作，附带模板一张
aria ,在很久之前就听说了水星领航员这部动画，只不过由于觉得没有时间，或者可能很无聊就并没有去看，在补了很多动画之后，确实觉得十分乏力了，感觉有点提不起兴趣，在某一天突然又想起了水星，于是我下载下来开始观看。
正如大家所说，水星是一部适合一天一集的睡眠番，在夜晚到来 ... ,轻轻的风拂过，水面泛起了淡淡的波，一艘小舟从巷道驶来，带着满船的温馨。回眸一梦，我已经爱上了水星。
对水星的记忆已经朦胧，但似乎越朦胧，水星的美越清晰。梦里那淡蓝色的星球像是近在眼前，点点滴滴触碰这温柔的世界。
梦见那ARIA平静的日常，三条波纹柔柔的散开，领航员 ... ,水星领航员——美丽奇迹
水星领航员是一部治愈人心的作品，如微风拂面，水波荡漾，并不喧哗。
有的人说，看水星领航员一定会稍有倦意，并不是因为作品的无趣，当那种温暖扑面而来，淡淡的平静涌入心头，然后酣然睡去，沉醉在梦中。水星领航员就是这么美丽的作品。
水星领航员是 ... ",3,ARIA The AVVENIRE,45,8.5,662,"['TVアニメ放送10周年記念プロジェクト', '\n『ARIA』完全新作 2015公開決定！', '\n', '\n9月26日(土)に公開される『ARIA The AVVENIRE』は過去にアニメ化されなかった原作からの２エピソードと、今回このプロジェクトのために原作者・天野こずえ先生が実に７年ぶりに描き下ろした完全新作漫画を元にしたオリジナルストーリーの合計３エピソードから構成されます。完全新作となる本作に、皆様ぜひご期待ください！']"
12话/2011年1月7日/新房昭之/MagicaQuartet/岸田隆宏,魔法少女小圆,"https://www.bilibili.com/read/cv6054727 ,魔法少女小圆在我看来毫无疑问是最能代表老虚的作品，可以从中看出老虚对其的心血。 作为想当爱的战士的老虚，魔法少女就可以明确表现出爱一点，但老虚又想要表现出现实的样子，怎么办呢？ 于是，一部别样的魔法少女出现了。首先，我们可以从每位魔法少女的出现中看出希望带 ... ,最近重看了一遍小圆，刚刚又看了《天气之子》就顺便随随便便写一点罢。
从小就有很多对一些美好作品的“里设定”、“里结局”的传言。龙猫和哆啦A梦都深受其害。抛开传言本身，人们为什么会去寻找然后津津乐道呢？
因为长大的我们，失去了相信奇迹与魔法的能力。我 ... ,想要得到什么，就要失去什么
且先看：
沙耶香：因为对幼驯染的爱而许愿
巴麻美：因为想要活下来许愿
晓美焰：因为想要小圆活下来许愿
杏子：因为想要爸爸好起来许愿
大概爱情，和晓美焰对小圆的友情，从来不是那么光鲜和大义。里面夹杂着私欲，归根结底，这些愿望都是“希望自己 ... ,嗯。。因为关联最多五个就挑了5个自己觉得是重要作品的5个
SHAFT能在这么多作品中一直保持着一些特有的演出风格和颜色使用效果的一个重要原因是制作staff的固定，社内最重要的部分是分镜演出人员和数码部门，这些人在新房加入后基本保持着稳定，而且有些人即使转为 ... ",12,魔法少女まどか☆マギカ,46,8.4,14079,['出生良好家庭，亲朋好友团聚，时哭时笑，这是谁都拥有的日常生活。市立见泷原中学的平凡初二女生鹿目圆，就是其中一位。一天，一个不可思议的人出现在她眼前。不知是偶然抑或注定，可以肯定的是，这相遇改变了她的命运，一个新的魔法少女故事亦随即开始。']
11话/2010年4月22日/湯浅政明/森見登美彦/伊東伸高,四叠半神话大系,"湯浅政明×森見登美彦的黄金组合，从有顶天开始看森见，之后是春宵苦短，第三作便是四叠半。
实际上直到中期都没有怎么看懂，但是却有感同身受之感，值此疫情之际，又因为本身是大四毕业生，面临毕业和研究生复试的压力，回顾自己四年的大学生活，可以说非常感同身受了。前几次 ... ,明石虽然可爱，但也只有可爱而已，她就像是一个太阳，直接或间接得照耀着你，你想去追求却根本不可能追到，就像是一个路标，是男主心中玫瑰色生活的具体象征。这就是我无法喜欢上这个角色的原因，她有些平面，也可能是她太耀眼了吧（笑。
再说小津，他绝对是除男主外最重要的角色 ... ,如果图片无法加载，请访问原文或者https://bgm.tv/blog/286671[https://bgm.tv/blog/286671]
原文发表在一个人的圣地巡礼之旅（六） 京都及返程篇 《有顶天家族》等圣地巡礼[https://bbs.qyer.com/thread-3129691-1.html]
Day 5：
等我到达京都站时，已经是晚上7点了，下 ... ,森見登美彦，这个人很是神奇。
我既没有细查过他的个人经历，也没有阅读过他的个人著作。
唯一交集也可能只有《春宵苦短，少女前进吧！》以及《四叠半神话大系》这两部作品，但也就是这两部作品，恰恰给了我一种“啊… 这家伙跟我一样有什么地方坏掉了”的感觉。
我不知道 ... ,还是从我习惯的几个方面来讲，首先剧本 总有人见到这种剧本就内涵内涵的喊。它有什么内涵？引用点基督的概念就叫内涵？把人类描写的比猴子还好煽动 就叫内涵？内涵个鸡儿内涵，没有内涵。在兽爪这部动画里也是，这部动画整体的剧情走向 氛围 价值观和兽爪很像，其实很没意思 ... ",11,四畳半神話大系,43,8.5,5202,['根据森见登美彦所著的小说「四叠半神话大系」改编的TV动画，将作为1月新番「交响情人梦Finale」的接档动画，从4月起在富士电视台的noitaminA栏目播放。作品以京都大学某三年级男生为主角，从四个平行世界的角度，描写当初在一年级时选择了不同社团的他，而经历了不同的大学生活。动画版将由近期出品了「小鸠」「青之文学」的MAD HOUSE担当制作，以独特的视觉效果处理而为人熟知的创作人汤浅政明将出任本作监督，他还曾执导「兽爪」「海马」这两部动画，而为多部电视剧、电影、舞台剧撰写剧本的上田诚将负责本作的系列构成。另类的题材加上一班特色制作人员，相信本作又将为noitaminA播出的动画带来一番新景象了。']
50话/1985年3月2日/富野由悠季/矢立肇/安彦良和,机动战士Z高达,"首先是UC纪元系列，所谓UC是指Universal Century，也就是宇宙世纪。常说的一年战争是指UC0079年-0080年联邦和吉恩之间持续了一年左右的战争。
●高达0079（TV,1979年）
UC0079年，这是初代高达，原名就叫“机动战士高达”，0079是国人为了和后来的高达相区别加上的。它还 ... ",50,機動戦士Ζガンダム,42,8.5,1481,"['\u3000\u30000084年，吉翁残党迪拉兹之乱终告完结，然而，联邦政府的统治仍呈现极不稳定的局面，尤其当联邦议会发布维持地球圈现状的政策决议后，反对派呼声日益高涨。虽然在加米托夫准将领导的提坦斯之铁腕下，地球圈尚未发生大规模冲突，但空气中的紧张气息已接近临界点。', '\n\u3000\u3000同年，一年战争时代的风云人物“赤色慧星”夏亚，在阿克西斯经长期沉寂后又回到了地球圈。但几乎没有人知道这件事，因为他已化名柯特罗·巴吉纳，并通过非法途径巧妙地取得了联邦军的军籍，官拜大尉之职，在联邦军中投入反对提坦斯的暴力手段、希望为宇宙移民争取人权的布列克斯·弗拉准将的部下。', '\n\u3000\u3000时间到了0085年，提坦斯以暴制暴的作法为加米托夫准将在联邦军内争取到很高地位。然而，加米托夫并没有因此收手，反而变本加厉，进一步纵容提坦斯对所有心怀不满的人进行更为强硬——或称残暴镇压。终于，在7月31日，发生了30号卫星事件。', '\n\u3000\u3000事缘于SIDE2发生的民众集体抗议暴政活动，提坦斯指挥官巴斯克·奥姆大佐对此毫不犹豫地采取了极不人道的恐怖措施：向抗议活动最集中的30号殖民卫星注入剧毒的G3瓦斯。结果造成了数以百万计的民众全部死亡，在提坦斯的无数暴行中写下了最黑暗的一章。', '\n\u3000\u3000消息传出，震惊地球圈内外，布列克斯准将终于下定决心，召集同志，组成反地球联邦政府(简称A.E.U.G)，根据其缩写的连读，定名奥古。', '\n\u3000\u3000在日益激化的冲突中，旧吉翁势力亦再次崛起。经数年建设已具充分规模的小行星基地阿克西斯，在少女指挥者哈曼·卡恩的命令下，于0086年2月开始向地球圈进发。', '\n\u3000\u3000卡缪·比丹是一位普通的少年，除了双亲在军队任技术士官之外，与战争和MS并没有什么直接的关系，他也并不了解提坦斯丑恶的行径。然而0087年3月2日，在联邦军基地进行参观时发生的事情，改变了他的人生轨道。', '\n\u3000\u3000出于对提坦斯军官捷利特的仇恨，卡缪加入了奥古，并进而与柯特罗大尉（夏亚）相识。后来，他乘坐性能极高的可变形MS——MSZ-006“Z高达”与提坦斯军展开激战。0088年2月22日，奥古终于与阿克西斯及提坦斯展开三股势力的大决战......']"
6话/1989年3月25日/高山文彦/矢立肇、富野由悠季/美樹本晴彦,机动战士高达0080 口袋里的战争,,6,機動戦士ガンダム0080 ポケットの中の戦争,44,8.5,1829,"['【时代背景】', '\nU.C.0079年12月，由吉恩公国挑起的一年战争已进入最后的阶段，人们都已看到吉恩的日渐式微，也盼望着和谈的早日到来。然而，一部分吉恩军的顽固派，仍然执迷不悟地坚持着与联邦军的战斗。', '\n\u3000\u3000这时的联邦军，除了加紧展开最终的大攻势，亦没有放松军事技术方面的研究开发工作。由于少年英雄阿姆罗驾驶RX－78高达在战争中的突出表现，使联邦充分认识到MS的价值与阿姆罗所表现出的新人类能力“NEW TYPE”之重要性。为了将两者更好地结合，在地球的北极基地，联邦军试制出一架最新的RX－78高达“NT(NEW TYPE)－1阿历克斯”。之后不久的12月21日，北极基地遭到吉恩部队的突袭。不过，幸好NT－1未遭破坏，并且在掩护下被秘密送往宇宙中的中立地区 SIDE6，在那里进行最后的测试。', '\n', '\n【故事情节】', '\n\u3000\u3000SIDE6沉浸在一片安宜祥和的气氛中，这里远离战场，几乎从未发生过什么战事，驻守在这儿的联邦军的部队也并不多，这一点，并不使少年阿鲁高兴，因为他是一个军事迷，渴望看一下激烈的战斗场面。一日阿鲁正与朋友们交流时，殖民地内发生了骚动，这是由吉恩的小股侦察部队与联邦发生的冲突所引致，不久，一架受了伤的扎克（改），掠过阿鲁的上空，坠落在离他不远的林间草坪上。', '\n\u3000\u3000被击落的吉恩新兵巴尼，用自己的军衔章换取了阿鲁的摄影机磁卡，这里面记录有阿鲁从联邦的工厂里偷拍到的MS组装画面。此外，还有几日前从地球搬来的阿鲁家的邻居红发女郎克丽丝的倩影。巴尼获取的情报，引起了吉恩军的注意，他们立即组建了一支突击小队，执行破坏高达的任务。于是，巴尼所在的小队，依靠一场小规模的战斗的混乱，再度潜入SIDE6。在宇宙殖民地中，巴尼又一次与阿鲁相遇。', '\n\u3000\u3000理想成为MS驾驶员的少年阿鲁，自愿为吉恩突击小队侦察联邦军的秘密基地的位置，并与监视他的青年巴尼成为了好友。一日，巴尼在阿鲁的窗下与克丽丝邂逅，这为巴尼的监视任务带来一分情趣。同时，在突击小队的秘密仓库中，对高达用新型MS--坎普玛正在组装中，计划在圣诞节前，完成破坏阿历克斯的任务。一切准备工作完成后，破坏高达作战展开，由吉恩老兵驾驶的坎普玛，将驻守的联邦部队打得落花流水，并与突击小队配合，很快到达了停放阿历克斯的秘密工厂，阿历克斯NT-1仓促应战，并以性能的优势将坎普玛击败。至此，吉恩突击小队作战失败，小队除巴尼以外全员战死。', '\n\u3000\u3000吉恩突击小队作战失败后，小队唯一幸存者巴尼接到了立即撤离SIDE6的指示。因为吉恩军没有机会再组织力量破坏高达，于是他们打算圣诞夜之前，用核弹摧毁整个宇宙殖民地。巴尼得知消息后，要求阿鲁立即通知家人与克丽丝尽早离开殖民地，但遭到阿鲁的反对。阿鲁希望自己心中的优秀驾驶员巴尼，能击溃阿历克斯挽救殖民地的命运，于是巴尼只得一个独自离开。', '\n\u3000\u3000警方无法相信阿鲁的报警，置之不理。同时，吉恩军搭载核弹头的攻击舰已驶离母舰。阿鲁面对朋友与家人几欲绝望，此刻在机场，巴尼正犹豫不决，最终，他下定决心，为了阿鲁与心爱的克丽丝，以及殖民地的人们，向阿历克斯发出最后的挑战。在阿鲁的协助下，他修复了初次袭击SIDE6时被击落的扎克，用唯一的武器--能量斧对NT-1发起了攻击。与此同时，阿鲁从父亲的口中得知了吉恩军将于数日后签定终战协议，他飞奔着跑向巴尼战斗的地方，但在他面前支离破碎的NT-1的光束剑，已刺穿了扎克的座舱。而救护人员从NT-1的座舱中抢救出的联邦驾驶员那一头秀丽的红发，更使阿鲁呆然……']"
1话/2008年7月12日/押井守,攻壳机动队2.0,"写于2016-03-07
很早（刚上大学那会儿？）就听说了大名鼎鼎的《攻壳机动队》，当时就从PT上下了下来，但是估计受到了画风的影响（90年代的画风以近年的视角来看很难说得上美型）没有看下去。今天有幸补了第一部剧场版的重置版，不得不赞叹这部作品观念之超前，之所以给出四星是 ... ,漫画开始在“young magazine海贼版”上面连载还只是1989年，那时民用互联网才开始在美国试行（88年开始，还不是如今的万维网），第一部结束的时候也才1991年。很难想象士郎正宗有何等的想象力，才能描绘一个和当今何等相似的世界。。。
现在再看一遍，才发现，唯一让我记住的 ... ,赛博格宣言的积极响应者。
日本早期tech-noir动画，用日本人的思维去解构《银翼杀手》得多新鲜，而且还是出现在那个日本泡沫破灭，政府不求突破，全民视ACG为异类的时期。本片适合了解九课和六课背景的人观看。和tv相反，剧场版节奏极慢，注重氛围塑造，例如两段仅有bgm配 ... ",1,GHOST IN THE SHELL / 攻殻機動隊2.0,41,8.5,1659,['2008年7月12日(土)公開。監督押井守。全カットを完全リニューアルした21世紀版攻殻機動隊とも言える作品。人形使い役として、新たに榊原良子がキャスティングされた。']
11话/2013-12-02/JustinRoiland、DanHarmon,瑞克和莫蒂 第一季,"在我看来，这部作品是对得住它的名声的。诸如剧情逻辑自洽之类的套话就不想写了，让我相当佩服的是，每一集作为相对独立的单元，它在同时展开两条故事线的时候依然能在快节奏的叙事中保持有条有理、主次分明，完全经得起观众的细究。每集除去（不妨叫做）op和ed共一分钟，剩下 ... ,S01E01 http://www.bilibili.com/video/av882412/#team14doom
S01E02 http://www.bilibili.com/video/av885387/#team14doom
S01E03 http://www.bilibili.com/video/av892094/#team14doom
S01E04 http://www.bilibili.com/video/av913513/#team14doom
S01E05 h ... ",11,Rick and Morty Season 1,39,8.5,1306,['\u3000\u3000天才兼疯子科学家Rick在失踪多年后突然回到女儿Beth的身边，并且在她的车库里搞了一个科学实验室。Rick有一把“传送门枪”，可以穿越到宇宙的各个次元。孙子Morty莫名其妙就成了他的助手，经常被拖进他的自制太空船内，跟他一同开展各种疯狂刺激的宇宙冒险。女儿女婿对他的疯狂行为感到不满，却又对这个天才科学家无可奈何。 ']
10话/2016年10月7日/満仲勧/古舘春一（集英社「週刊少年ジャンプ」連載）,排球少年 乌野高校 VS 白鸟泽学园高校,"我坚信，这辈子，绝对绝对，不会忘记《小排球》这部作品。
开篇先无脑地点下这句话，肤浅与否毕竟和我后面的长篇大论并无瓜葛。
现在回顾动画化的三个季度的《排球少年》，我还是确信第三季仅仅10集体量的白鸟乌野一战为最佳。
所以我尽量将激昂的笔墨率先泼洒给这作之 ... ,《排球少年》未必是最优秀的日本动画，但它必然是日本体育动画的标杆作品，我甚至认为它是我们这个时代的slam dunk。
作为一个单线的长篇漫改动画，《排球少年》季与季之间制作水准差别不大，Production I.G一直维持在较高水平的状态。无非是因比赛进程的推进，剧本对 ... ,在如今“黑深残”盛行的动画时代，关乎励志向的作品被视作毒瘤鸡汤，尽管我已经不需要动画片等虚拟作品来寻找精神勉励，但我认为正能量的主题不会过时，过分夸大黑深残衍生的“现实”“人性”主义，也未尝不是一种幼稚呢。
1.钢之炼金术师FA
在付出与回报的化学反应，汗 ... ,接上：http://bgm.tv/blog/276429[http://bgm.tv/blog/276429]
3、月岛萤
另外一个一年级新生月岛萤则是在积极向上的整体风气下埋的一条暗线。“60分万岁，多1分浪费”——怀着消磨时间的心态参加社团活动的月岛和其他人对排球的态度有着鲜明对比。
培养兴趣 ... ,一、写在前面的废话
遥想当年初三毕业后的那个漫长暑假，我接连补完了《灌篮高手》和《海贼王》（至当时的最新话），然后找了《灌》的漫画补完了动画里没有的全国大赛篇。和无数被《灌》影响迈向篮球场的少年们一样，从小五开始跟教练打乒乓球的我也拿起了篮球，在篮球场 ... ",10,ハイキュー!! 烏野高校 VS 白鳥沢学園高校,40,8.5,2069,"['第三季仍将继续春高赛，而乌野高校即将迎来地区赛的最终对手——白鸟泽学园高校。', '\n白鸟泽的王牌牛岛若利具有压倒性的力量和高度，带领着充满强者的强队白鸟泽一路横扫对手，被称作宫城县最强的学校，在全国赛中也是佼佼者。', '\n乌鸦们将怎样奋起战胜强大的白鸟呢？']"
24话/2005年4月14日/カサヰケンイチ/羽海野チカ/島村秀一,蜂蜜与四叶草,"今天在b站看spitz相关的视频，看到一个蜂蜜与四叶草TV动画的音乐全收录。所以补这部的时候应该就是我第一次听到spitz的歌，不过现在对他们在这里面的几首歌基本已经是毫无印象，于是回去回顾了一下。那个时候并没有第一时间成为他们的粉丝，不过现在的话，这些插曲每首 ... , 三个男主角，三个女主角，在大学毕业到工作这段时间的经历，对未来自己想干什么，还有自己过去，最主要的是这里6个人之间的爱，我喜欢他，但是她喜欢他，我还喜欢他。我喜欢她，但是他还喜欢她，她喜欢我吗，我喜欢她，我要告白。两个男的围绕一个女的，两个女的围绕一个男的展开，这六个 ... ,“十几岁的青春是你人生中最美好的时光”曾经听到别人这样说，但是对于正好处在那个年纪的我却完全没有体会到这句话的意思，不是自夸，因为高中时代的我完全就是一个标准的学霸，但是现在才体会到想要做成做好某一件事只有热情是远远不够的，不如说只有热情的话反而会适 ... ,
华容道上曹操几次大笑，之后是一句反复出现的台词。第二次看《蜂蜜与四叶草》动画时，有时会有同学坐过来，看着看着哈哈大笑。那时我真的很想迷茫地问一句：“主公因何发笑？”
这句话最终只能向自己问出。跟动画连载的时候，每看一集，都会不停地笑出声来，跟着音乐节奏拍 ... ,悠闲的艺术校园，朴素的生活，围绕着青年与大人们发生着一件又一件令人永生难忘的青春の回忆~事件的发生总是那么的偶然，相同的学校，相同的住所（租用），趣味相投的青年，不同理想的结合，萌发出了欢笑，友谊，争执，当然事件的转折必然会由于女主角的出现而改变，少女的到来令竹本与 ... ",24,ハチミツとクローバー,37,8.5,3418,"['蜂蜜与四叶草讲述美大生─竹本裕太在贫穷与森田忍学长所带来的烦恼之中度过的大学生活。', '\n', '\n有一天，竹本他们的大学老师花本修司向他们介绍了他的亲戚花本育。竹本裕太对她一见钟情、而古怪的学长森田忍似乎也对她相当在意。然而，森田的爱情表现（特别是最重要的小育）让人无法感受，周遭的人除了森田被小育所讨厌以外什么都不知道。可是、与森田熟识的竹本却注意到了森田真正的心意，才华洋溢的的天才森田学长居然是自己的情敌，这令竹本的心中抹上一股不安。然后，竹本的担忧成了事实。小育和森田互相被对方所吸引，而双方也对此有了自觉。', '\n', '\n然而，两人的恋爱却不是一般人所能理解的，是一种天才之间灵魂的结合。小育与森田之间有着似乎名为恋爱的微妙关系，但森田却若有似无的对小育表现出客气的态度。虽然相互受到对方的作品刺激而醉心于创作活动之中，可是某天森田却在没有任何告知的情况下突然开始到美国为期一年的旅行，两人的关系就这样在远近之间不断的来回著。', '\n', '\n看着小育与森田这样的关系，竹本却认为不可以介入两人之间而感受到了一种疏离感。而身为小育保护者存在的修司，看中了小育的才华，认为她总有一天一定可以开花结果的，可是又对自己产生疑问：是不是在利用小育去达到自己过去没有达到的理想，这样的想法令他带来罪恶感。并且，是不是就这样让小育度过身为艺术家的一生而舍弃身为一个女性的幸福。这样的不安催促著修司令他不得不做下决定.....', '\n', '\n山田亚弓喜欢同届的真山巧，但真山喜欢的却是原田建筑设计公司经营者·原田理花。理花虽然察觉到了，但故意和真山保持距离，因为她心中仍深爱着已过世的丈夫。这一段单方面的三角苦恋，不断折磨著山田。在某个合作的机缘下，山田认识了在真山所工作的建筑事务所中的同事--野宫匠，野宫开始注意山田与真山之间的关系，并且有意无意地扮演起安慰山田的脚色，实际上野宫渐渐已对山田倾心，希望山田在尝尽苦痛之后，放弃真山并与自己在一起......']"
1话/1986年8月2日/宮崎駿,天空之城,"这其实是我为练习打字从《暢所欲言!押井守漫談吉卜力祕辛》（日文版书名为：誰も語らなかったジブリを語ろう）录入的一节内容。原书是押井守关于吉卜力工作室的各部电影的系列访谈集，日文版出版于2017年。
押井守在本节比较保守，谈的东西不算特别多，都是围绕《天空之 ... ,02/05/2007
需要我的时候，念下面的咒语：
里帝.拉多巴里达.乌露夫.阿里阿内斯.巴露.尼多里
不需要我的时候，念下面的咒语：
巴露斯
我，愿意被你唤醒，也愿意为你消失……
... ,02/05/2007
需要我的时候，念下面的咒语：
里帝.拉多巴里达.乌露夫.阿里阿内斯.巴露.尼多里
不需要我的时候，念下面的咒语：
巴露斯
我，愿意被你唤醒，也愿意为你消失…… ... ,绝妙好故事
《天空之城》真是一个像梦一般的绝妙好故事。作为观者的我们和剧中的男主一样，经历了一场如梦如幻的奇妙之旅。迷之少女会带着奇妙的宝贝从天而降，从此改变一成不变的生活；随后会出现海盗和军队作怪，上演生离死别的唏嘘故事；然后是机器人大战军队，战火燃 ... ",1,天空の城ラピュタ,38,8.5,5679,"['\u3000\u3000在过去的历史之中，传说着曾有人类以高科技创造了可飞行于天空的城市——拉普达。虽多数认为这是虚构幻想出来的事物，但仍有相信飞行城市存在而试图寻找出的人们。', '\n\u3000\u3000某一日晚上，搭载众多旅客的飞行客船突遭到空中海盗团的袭击和入侵，空中海盗的目标是搭乘飞行船的一位名叫希达的少女身上所携带与飞行城市传说相关的物品“飞行石”。', '\n\u3000\u3000巴斯与希达为了抢回飞行石并阻止罗穆斯卡的企图，于是搭上了朵拉一族的飞行船一同前往拉普达——传说的天空之城。']"
12话/2006年6月29日/長井龍雪/羽海野チカ/島村秀一,蜂蜜与四叶草II,"今天在b站看spitz相关的视频，看到一个蜂蜜与四叶草TV动画的音乐全收录。所以补这部的时候应该就是我第一次听到spitz的歌，不过现在对他们在这里面的几首歌基本已经是毫无印象，于是回去回顾了一下。那个时候并没有第一时间成为他们的粉丝，不过现在的话，这些插曲每首 ... ,本剧和aria一样是楼主进入高中之前完结的一部作品，记得小的时候，没事就拿出来回忆一下，可能更多是感受一下大学和社会的氛围吧。
如今楼主毕业多年，看到BD重置，突然剧情历历在目，却完全不敢打开重看。。。
也许。。。
... ,“十几岁的青春是你人生中最美好的时光”曾经听到别人这样说，但是对于正好处在那个年纪的我却完全没有体会到这句话的意思，不是自夸，因为高中时代的我完全就是一个标准的学霸，但是现在才体会到想要做成做好某一件事只有热情是远远不够的，不如说只有热情的话反而会适 ... ,00:00 10分钟写完，做正事！
手上有论文要读，可是烦心随便找出四叶草的一话重温，刚刚好又看见了阿久的盒子。翻翻Bangumi的记录，4年前写过同样话题的日志。4年后的我又怎么样呢，貌似还没有从四叶草世界中毕业的样子。
竹本，努力的笨蛋，没有什么天赋，可是做事情很有毅力， ... ,有才华，背负着沉重的负担，细腻又幽默，H&C里面我最爱我最爱森田忍。
明明是戏份不多的人，即使出场也往往是活跃气氛和打造笑料，可是每一句话都扎到心窝里，每次严肃和沉默的画面都让人心疼，真不想用大智若愚这样俗气的词，可我如何形容你呢？
推动整个故事前进的人，故事里最 ... ",12,ハチミツとクローバー II,36,8.5,2487,"['\u3000\u3000美大学生竹本、真山、森田在破旧不堪的公寓中过着贫困而快乐的生活。', '\n\u3000\u3000一天，花本老师向3人介绍了他堂兄弟的女儿——小巧、惹人爱怜的插班生·叶久美。', '\n\u3000\u3000看到天真烂漫的叶久美，竹本和森田在一瞬间坠入情网。', '\n\u3000\u3000单纯得令周围人不耐烦、迟钝的竹本，以及用令人费解的方式让周围人困惑的森田。在完全相反的两人的爱情表现的交错中，森田自不必说，就连竹本甚至是叶久美也都没有察觉到对方的心情，就这样时间在流逝。', '\n\u3000\u3000另一方面，真山一直对至今追寻因交通事故而亡的丈夫身影的建筑设计师·理花念念不忘。他同时又逐渐察觉到义无反顾爱着自己的同年级学生·山田的心情…。', '\n\u3000\u3000希望能填补理花心灵空缺的真山、真山的爱成为负担的理花、唯独对喜欢的真山无法表示关心的山田。', '\n\u3000\u3000以各自感到恋情、苦于思念的2对三角关系为中心，难过而又有些奇妙的“单相思物语”开始缓缓启动。']"
10话/2015-07-26/JustinRoiland、DanHarmon,瑞克和莫蒂 第二季,"S01E01 http://www.bilibili.com/video/av882412/#team14doom
S01E02 http://www.bilibili.com/video/av885387/#team14doom
S01E03 http://www.bilibili.com/video/av892094/#team14doom
S01E04 http://www.bilibili.com/video/av913513/#team14doom
S01E05 h ... ",10,Rick and Morty Season 2,30,8.6,1120,['\xa0 \xa0\xa0 \xa0 疯子科学家Rick Sanchez在失踪20年之后突然回到女儿Beth的生活中，并且在她的车库中开了一个商店。更糟的是，Rick总是将他的孙子Morty和孙女Summer「拖」进他的疯狂实验。每当他发明一个充满科幻色彩的小玩意之后，Morty就会用他独特的方式给家中添一份乱。二人总是闯着不同的祸，有着啼笑皆非的结局和编剧无比巧妙的剧情安排。每看完一集总让人拍案叫好。该剧情内容充满奇妙的科幻素材，在各种不同的平行世界下祖孙二人闯出来的事件，看似荒诞可笑，实质上却充满了对人性和社会的思考。']
14话/2008年1月7日/佐藤順一/天野こずえ/古賀誠,水星领航员 第三季,"感兴趣可以自行制作，附带模板一张
aria ,我最爱的治愈动画。我喜欢这里面的每一个人，每一处风景，他们都是那么善良，那么美丽。就像夕阳下的aria是灯里的归所一样，这里也是我梦中的港湾，她带给了我淡淡温馨与感动，让我相信着世界的美好。人与人的相遇就是一个奇迹，我们的生活就是一个个奇迹相穿联构成的，而水星 ... ,在很久之前就听说了水星领航员这部动画，只不过由于觉得没有时间，或者可能很无聊就并没有去看，在补了很多动画之后，确实觉得十分乏力了，感觉有点提不起兴趣，在某一天突然又想起了水星，于是我下载下来开始观看。
正如大家所说，水星是一部适合一天一集的睡眠番，在夜晚到来 ... ,スタッフ情報も解禁！総監督は『ARIAシリーズ』を手掛けた佐藤順一さん！監督はカサヰケンイチさん！脚本は赤尾でこさん！キャラクターデザインは伊東葉子さん！制作はJ.C.STAFF！豪華制作陣によって『あまんちゅ！』が制作されます！ #あまんちゅ
... ,轻轻的风拂过，水面泛起了淡淡的波，一艘小舟从巷道驶来，带着满船的温馨。回眸一梦，我已经爱上了水星。
对水星的记忆已经朦胧，但似乎越朦胧，水星的美越清晰。梦里那淡蓝色的星球像是近在眼前，点点滴滴触碰这温柔的世界。
梦见那ARIA平静的日常，三条波纹柔柔的散开，领航员 ... ",14,ARIA The ORIGINATION,29,8.6,1299,"['プリマ・ウンディーネを夢見る少女、水無灯里。', '\n「ARIA」シリーズは、灯里をはじめウンディーネたちの日常を情感豊かに描いた、', '\n未来形ヒーリングアニメーション。', '\n待望のサードシーズン「ORIGINATION」のテーマは『始まり』。', '\nこれまで修業に励んできた灯里たちにも、新しい変化が訪れようとしています。', '\nARIAの物語を紡いできた佐藤順一監督を始めとするスタッフとキャストはそのままに、ＡＲＩＡを愛する皆さんに未来へ繋がる新しい素敵をお届けします。']"
25话/2006年10月5日/谷口悟朗/木村貴宏,Code Geass 反叛的鲁路修,"问：在限定2个英文字符，允许重复，认可英译名缩写的情况下，字符组合所代表的动画不存在的有几种，分别是哪些组合…… ,救世动漫，顾名思义，就是以拯救世界为主题的动漫。之所以谈救世动漫，还是和最近写过的“世界系”作品有关。之前的两篇日志谈了一下我所认为的世界系文本的核心逻辑，这一篇则是讨论一下它的外延。毕竟，“救世”可以说已经是日本动漫的一大主题，而在这个主题下，“世界系 ... ,DAY21单纯因为美术风格而喜欢的动画
物怪
介绍：出品时间2007年7月，监督中村健治，脚本高桥郁子、小中千昭、石川学、横手美智子，制作公司东映动画。讲述携带斩魔剑四处旅行的除妖师药郎，在接受除妖委托后探寻出妖怪出现的缘由、真相和隐情后，将妖怪一一除去的故事。
... ,排球少年 1 + 2 + 3 季
评分：8.0/9.0/8.5
吐槽：前篇http://bgm.tv/blog/276429[http://bgm.tv/blog/276429]
后篇http://bgm.tv/blog/276430[http://bgm.tv/blog/276430]
*缅怀2016年10月脑溢血去世的乌养教练的声优田中一成先生。
结局：打败白鸟泽进军“春高” ... ,转载，侵删
原帖[http://bbs.saraba1st.com/2b/thread-1350435-7-1.html]
转自微博 海月結衣
说真的，我觉得车夫党赢了，新作PV里鲁路修和CC在沙漠里骑骆驼
PV没有在网上公开的打算，但会作为特典收录在明年4月发售的活动BD里
这个总集篇并不是用TV版的旧声音而是全 ... ",25,コードギアス 反逆のルルーシュ,72,8.3,9458,"['2010年，超级大国“布里塔尼亚帝国”（Britannia）为了夺取日本的地下资源而侵略日本，在布里塔尼亚帝国强大的兵器Knightmare进攻下，日本在不到一个月的时间内被征服。日本被剥夺了自由、权利甚至是国家的名字，布里塔尼亚帝国将“日本”改称为“11区”，“日本人”这名词则被11这数字所取代。表面上看来布里塔尼亚帝国的统治似乎牢不可破，但其中早已出现了裂痕。', '\n七年后的2017年，在生死边缘获得“Geass”的力量，立志要粉碎布里塔尼亚帝国的黑色皇子鲁路修，以及获得第七世代人型机甲兰斯洛特，立志从帝国内部进行改革的白色骑士枢木朱雀，影响了整个世界。']"
25话/2013年1月11日/浅香守生/末次由紀（講談社「BE・LOVE」連載）,歌牌情缘2,"看这片的一种常见状态就是握拳热泪盈眶，几乎所有主要角色都有足够让观众飙泪的经典场景，而细节处往往又能让人会心一笑，连总集篇的有爱程度都能向银魂看齐。我们称之为“男主”的女主角绫濑千早，神经之粗韧与外挂之强劲相匹配，不说话时所能激起旁人的保护欲与颜艺时 ... ,S1一致认为第二季比第一季的OP,ED差了。
我是ED2>ED1>OP1>OP2 ,年前由于有些事情忙，结果该追的番一直压着没有看，借着春节空闲每天恶补，现在终于可以盘点一下了。
回头一看，一月的新番追的一共14部，好像不多的样子，但是上季遗留的各种半年番、年番加起来就有22部了。本季还有各种泡面供应，幸好都是可以立刻看完的。上季遗留的《自 ... ,2013.6.29 已全部补完。中间犯懒落下那么多真是对不起！_(:з」∠)_二期新哥戏份增加很开心，不过记录难免就显得繁冗累赘了很多，请选择性观看吧，见谅orz
标记自用。可能的话希望方便到每个和我一样不断loop各话中新哥难得的几秒出场的新党（如果有的话。
标记根据是B ... ",25,ちはやふる2,71,8.3,2700,['成为二年级学生的千早和太一等人，首次迎来后辈，在经历着作为前辈的痛苦与喜悦的同时，目标也直指竞争对手学校的强敌。更加充满激情的瑞泽高校歌牌部，将会一如既往地展开活力四射的青春群像剧——']
201话/2006年4月4日/高松信司/空知英秋/竹内進二,银魂,"DAY6让你结识了很多同好的动画
银魂
介绍：出品时间2006年4月，监督高松信司、藤田阳一、宫胁千鹤，系列构成大和屋晓，原作空知英秋，制作公司SUNRISE。背景是平行时空中被宇宙人入侵并殖民的江户，主角是一头银色天然卷喜爱甜食的废柴武士坂田银时，为了复兴家中道场而外出 ... ,你看文化部开列了一百多部动画的榜单，就是没有银魂。
你说没有舰娘▇▇▇▇也就算了，毕竟舰娘没有被任何网站正式买过，但是银魂可是土豆买了版权的。
而且在日本，银魂也是傍晚时段播出的，不是深夜动画。
真是神奇，明明好多番尺度比银魂小多了，或者根本就没有尺度问 ... ,之前被一个日本学生问到最喜欢的动漫，想了片刻，答，银魂。
其实当时我已经有一两年没看银魂了。还记得当年看Gintama的时候才入宅不久，很多NETA稀里糊涂的就过去了。在人生的滚滚巨轮前进了四五年之后，终于又重新从头到尾看了一遍。
一口气看下来，最喜欢的长篇故事 ... ,(bgm12) 真相就是这样 ,SKET DANCE播放也有快一年之久了，剧情逐渐进入了最高潮。男主的黑历史篇看到我泪腺崩坏了。看动画好久没有这种感觉了。虽然我直到去年年底才开始补，也有一种相见恨晚的感觉。不知道会不会就此完结，还是继续连载下去，趁着第四季结束前谈写感想吧。
我看SKET DANCE ... ",201,銀魂,16,8.8,7321,"['\u3000\u3000江户时代末期（本作的20年前）, 被称为“天人（あまんと）”的谜之异星人来袭。于是地球人与天人之间的战争瞬即爆发，为数众多的武士和攘夷派志士都参与与天人的战斗，幕府见识到天人强大的实力后，最终向天人低头，放弃武士不管，擅自与天人签订不平等条约，准许他们入国。其后更颁布了“废刀令”，夺走了武士的刀，使他们无力反抗。自此，天人横行霸道，幕府为天人所影响，甚至被控制，成为了“傀儡政权”。在这样的时代，有一个武士与同伴愉快地过著异想天开的生活。']"
51话/2003年4月3日/佐藤順一、平池芳正（第27话以后）,百变之星,"https://www.bilibili.com/video/BV1AK4y1k7dy?from=search&seid=16946708073537385909
,在如今“黑深残”盛行的动画时代，关乎励志向的作品被视作毒瘤鸡汤，尽管我已经不需要动画片等虚拟作品来寻找精神勉励，但我认为正能量的主题不会过时，过分夸大黑深残衍生的“现实”“人性”主义，也未尝不是一种幼稚呢。
1.钢之炼金术师FA
在付出与回报的化学反应，汗 ... ,反而觉得倒2集的天使更有感染力，蕾拉一转头的瞬间，空空身后的光影形成了翅膀；末集最美的画面是，空空在朝阳下散开缎带，感染力也很强，但是!镜头太短了好吗?后面跳的其实并不是美轮美奂我觉得(这点我看了几遍仔细分析，大概是近镜头居多而远镜头较少，远镜头也不是没有，但都 ... ,找不到方向的时候就看看马戏团小姐姐，自己那点破努力又算得了什么。
mina酱新出的那张豪华碟的资源http://tieba.baidu.com/p/3899787005 ,（很微妙地忐忑地发现吐槽板写下了，但还是想保存一份日志，可惜休息了一晚精力仍有点不足，所以，以后再完善，呵呵呵。）
前半部分以蕾拉的路线为辅、描写了空的成长历程，可以说前半部分空一直笼罩在蕾拉的光辉下，让蕾拉这个形象深深刻入观众的脑海中；而到第二部分笔锋一转，开 ... ",51,カレイドスター,70,8.4,878,[' 故事的主角苗木野空，因为小时候与双亲在万花筒剧团（カレイドステージ，Kaleido Stage）观赏“爱丽丝梦游仙境”（不思議の国のアリス）之后便被其所吸引。但空（台湾的国语配音版称“空空”）的双亲不幸因车祸而去世，之后满脑子都是万花筒剧团，所以当她国中毕业之后不顾养父母的反对，一个人远赴美国，排除万难下终于成为万花筒剧团的一份子。经过“罗密欧与茱丽叶”、“灰姑娘”、“人鱼公主”、“阿拉伯之夜”、“自由”公演，慢慢得到了万花筒剧团台柱蕾拉的肯定和认同。']
101话/1985年3月24日/あだち充,棒球英豪,"看完TOUCH的时候我其实很难过，虽然最后达也和小南完美结局，但是我总有一种「納得できない」的感觉。
达也是和也的哥哥，而对于和也来说，小南更像是一个姐姐而不是“恋人”，达也和小南都很成熟，考虑地更多，特别是和也过世之后，跨过了心理障碍，最终表明了心声。可是和也 ... ",101,タッチ,68,8.4,1212,"['\xa0\xa0上杉達也と和也は双子の兄弟。お隣の浅倉家に生まれた南とは、小さな頃からいつも一緒。あまりにも仲良く、元気なのに手を焼いた（？）親たちは共同出費で子供たちのために、３人で学び遊べる家まで建ててしまった。ところが、彼らも中学生に入る頃から、この""男２人+女１人""という状況の持つ意味を、それなりに意識し始めた。周囲は明るく可愛い南、成績優秀の和也を似合いのカップルと思っている。それに反し、兄の達也はだれもが認める""出がらし""。成績、スポーツ共に、和也に比べて数段見劣りするのだ。だが努力することは嫌いでも、その隠れた才能を見抜いてるのが和也。しかしいつも達也に反発しながらも、内心は彼にまんざらではないようすの南に、和也も気が気ではなくなって・・・。', '\n', '\n\xa0\xa0日常的な情景の中に、青春の繊細な心の動きを織り込んで描く、あだち充の""タッチ・ワールド""。明るくさわやかなその世界は、時が経つにつれ、甘酸っぱい想い出と共に、くっきりと心の中に蘇ってきます。魅力溢れるキャラクター、エピソードを完璧に収録した永遠の名作、ついに待望のプレイボールです。']"
1话/1984年3月11日/宮崎駿,风之谷,"这其实是我为练习打字从《暢所欲言!押井守漫談吉卜力祕辛》（日文版书名为：誰も語らなかったジブリを語ろう）录入的一节内容。原书是押井守关于吉卜力工作室的各部电影的系列访谈集，日文版出版于2017年。
押井守在本节中不仅谈及电影《风之谷》本身，还大量的提及吉 ... ,宏大的想象力和略显满的情节
这部剧是1984年的作品，我在距出品日期将近30年后看，依然觉得那些菌类，那些虫类，那腐海，那巨神兵，那滑翔翼，那虫笛，那清风照抚的峡谷是那么神奇。由此可见，这部剧制作的时候可谓展开了宏大的想象，彼时出品必然带给观者无限奇妙的感受；而且耐得 ... ",1,風の谷のナウシカ,67,8.3,3776,"['該作品背景設定在未來，世界的產業文明達致巔峰後，經歷一場稱為「火之七日」的戰爭而毀於一旦。世界被一種由菌類和巨型昆蟲構成，名叫腐海的新生態體系所掩蓋，僅存的人類生活在小面積土地，在面對巨型昆蟲和會釋放瘴氣的腐海森林包圍威脅下積極求存。', '\n', '\n風之谷 (Valley Of The Wind) ，一個靠海的小王國因為在海風的庇護下，不被腐海森林的袍子侵入而得以保持原貌。小王國的公主——娜烏西卡 (Nausicaä)，一位善良慈和聰明及勇敢的 16 歲女孩，擅於駕馭滑翔翼，能知道風及御風，還具備和王蟲溝通的能力。當載著千年前火之七日戰爭中，毀滅大地一切的生化武器「巨神兵」之多魯美奇亞運輸機不幸墜毀於風之谷之後，風之谷和娜烏西卡捲入了爭奪巨神兵的戰爭旋渦中。', '\n', '\n第二日，當眾人清理昨日墜機事件的同時，多魯美奇亞軍隊在第四公主庫夏娜的指揮下，一架柯貝特戰艦及四架貨機迅速入谷，不花一兵一卒及佔領了風之谷，風之谷基爾王遇害。之後更為了填補國內，更帶走了谷內物資，只留下巨神兵在堡內，並將巨神兵復活工作交給了參謀克羅托瓦。', '\n', '\n隔天，娜烏西卡、米特以及其他三名人質隨著庫夏娜前往培吉特，途中不幸被培吉特砲艇發現，砲艇駕駛者阿斯貝魯立刻攻擊多魯美奇亞機隊，除了柯貝特戰艦及風之谷貨機之外，其他四架貨機皆中彈墜毀，只有娜烏西卡、米特及庫夏娜逃出生天並帶著風之谷貨機離開空戰現場。', '\n', '\n最後，娜烏西卡掉落腐海，到達腐海的底部，發現了腐海的秘密。腐海把污染的大地淨化，過程中會產生有毒的瘴氣。被淨化後的地底有著乾淨的空氣和水源，而王蟲則是守護腐海的生物。故事的尾聲當培吉特餘黨拿小王蟲來誘使王蟲群攻擊風之谷，企圖從多魯美奇亞人手中奪回巨神兵之際，娜烏西卡解救了小王蟲，以身為盾來制止王蟲群的憤怒衝擊而犧牲。冷靜下來的王蟲群以特殊能力救活娜烏西卡。在晨陽中，娜烏西卡站立在王蟲們的觸鬚所構成的金色草原上快樂地舞動，印證了古老的傳說--藍衣人在金色的草原帶來了希望。', '\n', '\nhttp://zh.wikipedia.org/wiki/%E9%A3%8E%E4%B9%8B%E8%B0%B7']"
26话/2003年10月4日,星空清理者,"这个动画大致是两三年前看的，现在把评价修改一下放到BGM这边吧。
15年按照榜单补了一下星际牛仔、攻壳、星空清理者，更早的时间也接触过了EVA，但是我要说，这几部系列作品可能除了可以当作某些纪念意义的作品来看，并没有更多的价值，各有各的缺陷，谁也做不到综合各方面 ... ,花哨的3支剧情行进，多样的人物，正统而严谨的大叙事。这是从作品中看到的。
丰富的合作经验，对各种题材的娴熟处理。这是制作人员提供的。
-
很多人会误解脚本的工作，写出一个讨人喜欢的角色，写出一个解决社会问题的结局。
大错特错。
讨人喜欢很简单，大欧派，裸露，性格 ... ,库蕾雅出生在艾尔塔尼亚，南美亚马逊河上游流域附近的一个国家。在8岁的时候移民到美国，随后开始识字学习。此后，进入TECHNORA公司，与进入残骸课的八郎太和航宇课的正盛是同一期职员，在管制课任职。
虽然同在一个公司，三个人所在的工作环境有着巨大的差别。残骸课一直 ... ,21世纪70年代，宇宙垃圾已经成为一个不可忽视的问题，它严重阻碍了人们对宇宙空间的开发，因此，由发达国家主导的宇宙清洁工作由此展开，出现了一种新的职业，星空清理者。说白了，就是太空捡垃圾。
近未来，宇宙已经成为人类社会的一部分，月球成为了人类的第二个立足点，人类渐 ... ,宇宙，是人类向往的归宿，太空，是人类进化的舞台，而梦想，则是力量。
同为太空，这部作品并不像星际牛仔，看完怅然若失，它满载正能量。同为科幻，这部作品并不像高达，高颂宽广伟大，它细致入微。同为未来，这部作品并不像攻壳机动队，深邃而又理性，它稳重而又感性。星空清理者是与别 ... ",26,プラネテス,69,8.3,1986,"['主角星野八郎太(ハチマキ)是一个普通雇员。他的职业是太空船机师，工作是在太空站将名叫Debris的宇宙废物回收。他为了能够有一艘属于自己的太空船，每天和同僚ユーリ、フィー和新人タナベ一起努力工作着。工作了四年，今年 25 岁的他，正渐渐开始考虑自己的生活方式。', '\n故事的时间为2075年，人们用旅客机来往地球、太空站和月球已经成为了很平常的事。故事就是讲述八郎太自己的想法和他怎样成长下去。', '\nDebris的原意为碎片。那些被废弃的卫星、火箭的零件之类的东西在宇宙中碰撞而产生的碎片，这些不断地围绕着轨道转的人工物体被统称为Debris。', '\n', '\n本动画是由漫画改篇，作者幸村诚在‘モーニング’杂志上进行不定期连载。本作品曾获 2002 年度的星云赏。星云赏是由 1970 年开始，每年一度，由日本 SF 大会的参加者所选出来的作品，松本零士、宫骑骏和大友克洋等也曾获此项殊荣。']"
51话/2003年10月4日/水島精二/荒川弘/伊藤嘉之,钢之炼金术师,"rt ,【具体一点的吐槽】
不说原作漫画，单从03版动画来讲，监督可能想讲的是一对兄弟之间的深厚情谊的故事，结果最后呈现出来的却是一个全世界都是围绕着400年前两个流弊哄哄的炼金术师制作出来的一种破石头转的故事。这个世界的人类历史上也就出现过这俩流弊点儿的人 ... ,断断续续地追了三天左右，终于再轮了一次钢炼。
这一次是身为成年人的目光去观看，还记得以前看的时候，太小，印象中就只有那么深刻的几个镜头，还追过tvb的粤语版，那时候身为小孩子的我都等得睡着了，醒来继续看。
虽然再看的时候，03年没有精良的制作，不过这个03版本就是记 ... ",51,鋼の錬金術師,66,8.3,5386,"['\u3000\u3000爱德华德和他的弟弟阿尔芬斯十分思念在他们还小的时候亡故的母亲，实行了炼金术中最大的禁忌——可以将死者复活的人体炼成。 可是炼成失败，爱德华德失去了左腿，阿尔芬斯则失去了全身。爱德华德好不容易才以牺牲自己的右臂为代价将弟弟的灵魂炼成，并定着在一副铠甲上，可是其代价未免太大了。爱德华德和阿尔芬斯一起，为了找回所失去的一切，开始踏上了寻找拥有极大力量的“贤者之石”的旅程。 ', '\n\u3000\u3000 ', '\n\u3000\u3000右臂和左腿用钢制义肢“机械铠”来替代的他，被人们称为“钢之炼金术师”…']"
1话/2001年7月28日(FantasiaInternationalFilmFestival)、2002年9月14日(日本)/今敏/本田雄、今敏,千年女优,"bilibili.com/video/av328082286
动漫：
千年女優【bgm.tv/subject/840】
BGM：
Piano Master-Eastern Island
pan.baidu.com/s/1wpGs3FkhF2H-6h9ogmlbNw
2333 ,本来下午就要看完，结果网络不给力，一怒之下还想放弃不看了。偶的朋友提醒了我，缓存下来再看。不得不说，差点错过一部好动画电影。
前半部分感觉不深，但从那一段神分镜开始整个人都激动起来。(bgm38)
那一段今敏将之前的场景都串联在一起，急促的BGM，快速切换分镜，女主 ... ,没错，这其实是我周末看片撸管时，偶然想到的东西。
---
千年女优中最令人震撼的部分，毫无疑问是今敏的那段长镜头：在那里，视点中心出现了一具身体、一具永恒存在的身体，在不同的时空穿梭奔跑，其中燃烧着滚滚爱欲。
这一幕的震撼之处显然不仅仅来自于技术力（或者说作 ... ,人生若只是初见，何事秋风悲画扇
最后总算是明白“千年女优”的意思。看完之后，心情久久不能平静，想写点东西沉淀一下，奈何才学疏浅，找不到合适的词语形容。
一部好作品的出生，大家都会从中的得到了自己想要的东西，有的是收获了感情，有的是想起回忆，有的得到新的知识。我 ... ,理解了为什么叫千年女优，一个女演员演的戏把日本历史一千年，经历了一遍，为的就是找到小时候见的那个男人，但是越到最后，终于发现追逐男人并不是真正的目的，重要的是自己，我也是有一点不懂，只是在潜意识中有一种感觉。
这一作今敏的电影，也是一样，在虚拟和现实中来回交错， ... ",1,千年女優,28,8.6,4372,"['风靡日本的女明星藤原千代子，三十年前当红之际，突然从银幕消声匿迹。', '\n三十年后，千代子的影迷费尽千辛万苦，终于在人烟稀少的寂静山庄中，找到了隐居数十年的她，并献上了一把千代子当年不慎遗失的神秘钥匙。', '\n神秘钥匙宛若开启了记忆之门，引领千代子划入回忆的大海，挖掘出一段她从不为人知的爱情故事。那故事像是从千代子辉煌年代的河流溢出，一路流向她无数的电影与映像汇集而成的海洋；也像从遥远的战国时代奔驰而来，再闯进无边无际的时空未来。', '\n而倾听入神的影迷，则随着千代子在记忆的逆流波谷间摆荡，体验她那令人怜惜的悲欢爱情；更在波涛汹涌的时空浪潮中，猛然惊觉到那股横亘千年的浓绵相思，神秘钥匙开启被千代子封锁隐藏了的记忆，解开了她的重要秘密。那正是在无情的时间洪流里，当记忆与爱情最灿烂交会时，所浮现出最真实且永恒的一代巨星千代子。']"
62话/1999年10月16日/古橋一浩/冨樫義博,猎人,"不管是节奏，氛围，还是配音，都是老版完爆。泽城姐姐配得过于高傲轻浮、不够低沉冷酷；大冢明夫则是感觉配惯了冷静慢热型角色，强化型选手的狂野的感觉完全没有（貌似该狂笑的地方都没有配音，真的很奇怪，只有“吼啦”的地方才会喊一下... 能不能好好配音了啊，是不是大牌不好 ... ,有时候我会奇怪，就算一次次被富坚欺骗，为什么我依然甘愿屁颠屁颠地追着他盼望更多的‘猎人’？而答案很简单：我是一个无事可做的悲哀的死宅。但是为什么我宁可承认自己是个悲哀的死宅却依旧不想放弃猎人？因为猎人实在是史上最好的战斗少年动画
强大的开篇​
大量 ... ",62,HUNTER×HUNTER,65,8.3,2573,"['这是关于一群“猎人”的故事，所谓猎人，就是追求怪物、财宝、悬赏、美食、遗迹、幻兽等稀有存在渡生之人的总称，猎人是精英中的精英，并可以免费享受全球各国公共设施，因此必须通过高难度测试最终拿到执照才有资格成为猎人。全世界也不过只有600名左右猎人。', '\n', '\n\u3000\u3000善良天真充满热情的小杰为了寻找失踪的父亲——传说中最伟大的猎人，于是下定决心也要成为猎人，在接受猎人测试的途中，他认识了冷酷少年奇牙、漂亮的酷拉皮卡和外表很成熟的雷欧力，四个有着不同目的却都想要成为猎人的少年成了好朋友。于是他们一起踏上了猎人之旅，并面对他们最大的敌人——幻影旅团']"
25话/2015年10月3日/古舘春一（集英社「週刊少年ジャンプ」連載）,排球少年 第二季,"接上：http://bgm.tv/blog/276429[http://bgm.tv/blog/276429]
3、月岛萤
另外一个一年级新生月岛萤则是在积极向上的整体风气下埋的一条暗线。“60分万岁，多1分浪费”——怀着消磨时间的心态参加社团活动的月岛和其他人对排球的态度有着鲜明对比。
培养兴趣 ... ,一、写在前面的废话
遥想当年初三毕业后的那个漫长暑假，我接连补完了《灌篮高手》和《海贼王》（至当时的最新话），然后找了《灌》的漫画补完了动画里没有的全国大赛篇。和无数被《灌》影响迈向篮球场的少年们一样，从小五开始跟教练打乒乓球的我也拿起了篮球，在篮球场 ... ,那些属于我们、闪闪发光的瞬间——
So, Shed your sweat!![http://bgm.tv/index/20461]
※本文不定期更新...
S1
结尾太棒，思考&行动，绝不止步，这是一部如此真诚、高素质的动画！... :D
值得尊重的对手、比赛乐趣，认真胜负！
努力、决不放弃是你最好的主角光环！... : ... ,BGM上用户的单集评论并没有专门抽出成一页，再加上，自己看完都有很长的评论要写，因此单集的评论，全部放到这里来。吐槽页那边依然会写点一句话短评。
写到第三集的时候发现自己也有在顺手点评排球漫画中的一些故事推进和人物塑造的方法。
ep1：
OP主唱和第一季一样 ... ",25,ハイキュー!! セカンドシーズン,63,8.4,2285,[]
24话/2015年1月9日/津田尚克/荒木飛呂彦（集英社ジャンプコミックス刊）/小美野雅彦、町田真一（副人物设定、替身设计）、光田史亮（替身设计）,JOJO的奇妙冒险 星尘斗士 埃及篇,"从第一话中的二代jo和阿布德鲁在监狱中找出承太郎到最后一话打败dio，结束旅途。这50天的旅途，从日本到埃及，仿佛自己跟随他们亲身经历了一样，也体会到二零这段过程中的欢乐，惊险，离别的苦涩和辛酸。趁着刚刚看完的心潮澎湃，来说一下啊这两季中我认为的精彩战斗。
评价 ... ,今天第一次看JOJO埃及篇的动画，因为工作比较忙在星辰斗士前半部看完以后就放下了，一直拖到现在才看，完全是因为心血来潮突然想到了。
于是呢，看到第36集，也就是 “波音哥” 与荷尔荷斯乘飞机飞到开罗的时候，QQ新闻突然弹出了：一架俄罗斯客机准备飞往开罗迫降的时候坠 ... ",24,ジョジョの奇妙な冒険 スターダストクルセイダース エジプト編,62,8.4,4112,[]
74话/2004年4月6日,怪物,"东德监视人民确实是存在的，但是这种洗脑机构我怎么感觉就只是抹黑啊？日本和美国毕竟都是穿一条裤子的资本主义国家，人东德凉了宣传阵地当然全面失守，反正死人怎么黑他，他也不会活过来反驳了 ... ,想想看自己已经看了十多年动画了，前前后后加起来也有个一两百部，虽然已经没有办法具体回想起来当时看的时候是什么心情，但是不论是自己辛苦翻出来的，还是基友极力推荐的，那都是一段宝贵的回忆吧~
尤其是这个多卖肉番和基番的年代，总结下值得回味的片以供及时复习还是 ... ",74,MONSTER,64,8.4,1824,"['1986年，一名头部被子弹击中的重伤少年送到西德・杜塞尔多夫医院中。日本外科医生天马忽视院长的命令，以他天才般的手术技术的拯救了那位少年。', '\n', '\n实行共产主义的世界为了推倒西德而进行着异常的阴谋。捷克斯洛伐克秘密警察法兰斯·波纳帕达等人，教育孩童们成为送往资本主义各国的战斗员，在这过程中诞生了约翰这个怪物。约翰心中的怪物越变越大，进而开始杀害周遭的人。就像是法兰兹·波纳帕达的绘本《没有名字的怪物》里的主角怪物，附身于人身上而逐渐吃掉身边的人。', '\n', '\n数年后、1995年，几年不见的约翰已长成巨大的怪物、一点也不犹豫地杀掉天马的病人。在体内有什么东西爆开了似的天马、因而追缉著怪物约翰。天马医生是否能阻止约翰的杀戮呢？刺激约翰的绘本《没有名字的怪物》到底是什么呢？为什么约翰要一直杀人？故事就在柏林墙倒塌后的德国与捷克展开。']"
26话/2011年4月2日/石原立也/あらゐけいいち/西屋太志,日常,"
我们所经历的每个平凡的日常，也许就是连续发生的奇迹。
一个2011年的搞笑动画，我2020年看有必要吗？有必要吗？
…………
真香！
《日常》这部作品影响力之大，直到今天都经常能看到它的身影，我QQ好友里还有人用它里面人物的头像，每次看伊朗物理作死专家B站更新，都能看 ... ,好看 ,有一个想法，京阿尼或许会成为20年代想象力的代表？《凉宫春日》基本上可以被视作是从“世界系”向“日常系”的过渡作：一端仍（生硬地）连接着阪神大地震，另一端则已经深入虚拟的校园恋爱喜剧。换个角度说，哪怕我们假定谷川流和京阿尼对《凉宫春日》没有任何现实性、政治 ... ,DAY21单纯因为美术风格而喜欢的动画
物怪
介绍：出品时间2007年7月，监督中村健治，脚本高桥郁子、小中千昭、石川学、横手美智子，制作公司东映动画。讲述携带斩魔剑四处旅行的除妖师药郎，在接受除妖委托后探寻出妖怪出现的缘由、真相和隐情后，将妖怪一一除去的故事。
... ,Re：从零开始的异世界生活
评分：8
吐槽：本在16年4月有白狐社的本作和霸权社的甲铁城分庭抗礼，且甲铁城隐隐有王者之势。奈何听说甲铁城后段剧情作死，Re:0也就稳当当地上了位。作为异世界轻改动画能做到大热实属不易，看了之后觉得优点确实是很多，人物塑造和穿越性质的 ... ",26,日常,61,8.3,9323,['故事的主角机器人——东云名乃，一直憧憬成为一名普通的女生，却因为背上的发条而感到自卑，在被自称为博士的8岁萝莉胡乱改造之后，每次都无可奈何地感到自己与“普通女生”的距离越来越远了。除了萝莉博士外，故事还出现了很多非日常角色，如年龄为20岁且戴上博士制作的项圈能说话的黑猫、活泼且天然呆的吐槽女、擅长绘画的腐女、黑发眼镜女、外表看似不良少年实质很乖巧的男生、热爱麻糬的爆炸头男、被枪或火箭炮打到都不会死的演剧社社长等等。']
1话/1988年3月12日/富野由悠季/富野由悠季/北爪宏幸,机动战士高达 逆袭的夏亚,"由于时长问题，哈撒维的感情线观感很屎，葵的表现就像巨婴，哈撒维把自己人打死更是比ZZ里各种迷惑操作还恶心。关于夏亚和阿姆罗谁对谁错根本不重要，因为他们豁出性命也没能改变人类一丝一毫……人民依旧愚蠢，统治依然腐败（这里个人认同夏亚，政治真的只会令人恶心，对内和 ... , 首先谈葵司和哈撒韦，看到葵司被打爆了的时候，我心情的舒爽程度就像zeta最后一集看幻之挽尊王炸了一样，大家已经默认在高达的世界观里容不得靠心情和任性行动的小孩，但现在想想，十几岁的孩子，产生些叛逆与任性的想法也是自然。只是天赋越高，这样的叛逆就会带来越大的 ... ,并不是很喜欢这个剧情，总觉得为了结局而结局。“推阿克西斯”是希望之光？才不是，推一百个阿克西斯也没用；当然，把地球毁灭一百次也解决不了问题。夏亚和阿姆罗分别代表着绝望和希望，只不过是看待问题的不同视角。问题关键是，差异普遍存在，偏见永不消失，以偏见为借口爆发 ... ,首先是UC纪元系列，所谓UC是指Universal Century，也就是宇宙世纪。常说的一年战争是指UC0079年-0080年联邦和吉恩之间持续了一年左右的战争。
●高达0079（TV,1979年）
UC0079年，这是初代高达，原名就叫“机动战士高达”，0079是国人为了和后来的高达相区别加上的。它还 ... ,原创，转载请注明出处
Q：富野写的这句话到底想表达什么？
低端光头青：鸭子太逗了，被压着打的不成人形还冒出这莫明其妙的一句话，阿姆罗不仅比这脱出型NT能打，还抢了人家的妈...
中端光头青：鸭子和骡子经过了这么多年的交流与斗争，撇掉别的一切就为和骡子最后基一把，却不 ... ",1,機動戦士ガンダム 逆襲のシャア,59,8.4,1312,['宇宙世纪(U.C.)0093年，成为新吉恩总帅的夏亚·阿兹纳布尔对于依然被地球重力所束缚的人类灵魂感到绝望，决心以激烈的手段加以肃正。查知此事的地球联邦军王牌驾驶阿姆罗·雷与其所属的朗德·贝尔舰队一起与夏亚所领导的新吉恩军展开最后的决战...']
12话/2017年1月6日/畠山守（小俣真一）/雲田はるこ（講談社「ITAN」連載）/細居美恵子,昭和元禄落语心中 -助六再临篇-,"一口气补完两季。
作品反应在长达近百年的时空跨度中，在战争与和平变幻、科技进步、社会观念发生深刻变化的背景下，在世事人情的不断变迁中，落语这一传统文化的传承与发展。传承、告别、发展、无奈，那种莫名的情绪非常清晰深刻地表达了出来。最终又扣回这种文化本 ... ,
1 学习落语的过程和人生哲理
俗话说得好，师傅领进门，修行在个人，落语如此，其他我们熟知的技艺同样如此。如何修行，向师傅学，向同辈学，还有不耻下问，修行的开始往往都是模仿，菊比古就是这样，助六一开始就找到了适合自己路(知道自己适合说什么样的落语)，而菊比古只是在 ... ,2012（个人）二次元总结[http://bgm.tv/blog/42576]
2013（个人）二次元总结[http://bgm.tv/blog/50180]
2014（个人）二次元总结[https://bgm.tv/blog/54435]
2015（个人）二次元总结[https://bgm.tv/blog/271971]
2016（个人）二次元总结[https://bgm.tv/blog/275090]
Ps.自我满 ... ,这次又是拖了一季……唉，这样子真的一月番已经忘得差不多了……下次真的不能再拖了……这次写得已经根本就没法看了，求别吐槽2333
3月完结部分
风夏
完全莫名其妙的感情线，甚至让我觉得可能不魔改直接按原作把女***可能还好点．
政宗君的复仇
一般轻改（原来是漫改 ... ,第一话：泡沫经济，是指武内直子站在潮流的浪尖儿上那个时期的泡沫经济吗？(bgm38)
这张莫名觉得跟翔阳同样的感觉。
因为一直以来只能口传，无从记录，才使得落语拥有了自由革新的可能性，我喜欢这个。
为了落语说落语，这正是落语的真爱呐。
第十一话：并没有徒增悲伤 ... ",12,昭和元禄落語心中 -助六再び篇-,60,8.4,1167,['由于难以忘记在刑务所的落语慰问会中见到的大名人·八云的“死神”，一出狱与太郎便径直前往寄席。拜倒在八云面前，成为他住所的雇工及弟子，磨炼了技艺的与太郎终于升进成为真打。他所继承的名号是第三代助六。为了八云师父，为了小夏，为了改变两人心中的助六，与太郎所找到的自己的落语是……。']
13话/2011年7月4日/大森貴弘/緑川ゆき/髙田晃,夏目友人帐 参,"在好片不多的七月里是不错的作品
期待下一季
再加点制作经费吧
从风格到故事都是好的无法挑剔
希望制作更加精良
略带忧伤的情节
好像萧瑟的秋日
却还留有夏季的温存
平淡的日常
不平凡的人生
轻轻流淌
一集又一集
一季又一季
希望可以长长久久的 ... ,这个星期可以说是7月番完结的最多的一星期了（废话w）BGM节目清单里哗啦啦地就缩短了不少……烂尾的意味深长的打广告的什么都有╮(╯▽╰)╭
「夏目友人帐III」
啊啦这质量是真的没得说，娘扣卖萌><一路下来看到了夏目过去的辛苦，对他现在温馨而平和的日常生活—— ... ,最近新番大量完结啊...
各种不舍各种怨念...
对于我第一次追新番的感受有必要吐槽一下(bgm38)...
=====================================================
话说暑假之前的中考各种忙(bgm99)现在回想起来真是痛苦...
暑假中一下子空闲了下来于是找了些新番老番 ... ,本來上上個星期的番組都因為要補作業而沒有看
結果開學之後馬上連周……
在學校過了9天完全睡不飽的苦逼人士TT
啊啊懶得截圖了……
「火影忍者」
#446
啊啦，最近是在山寨OP嗎喂ww人家漫畫里從木葉去雷隱村明明很快就到了吧，動畫里就一定要經歷這么多沒營養的 ... ,OJZ学校补了一个星期的课之后果断被人揭发于是被逼着做完了暑假作业的某只又被摊上了新的作业扔了回家- -真是……于是今天一天又是补了整整了个星期的番啊TT我好苦逼TT
「银魂'」
呃……银酱在这部番组里已经成了怎样的存在，马赛克在这部番里成了怎样的存在 ... ",13,夏目友人帳 参,96,8.2,5480,['夏目玲子的孙子夏目贵志从奶奶的遗物中得到了那些契约书所做成的“友人帐”，同样他也能看到不会显现在人前的物体。而且也和玲子一样成为了被周围人疏远的一员，被同龄人叫成“骗子”。可是，作为唯一继承了玲子血统的他却做出了一个重要的决定：将玲子夺过来的妖怪们的名字一一归还。在这样的夏目的身边，开始聚集起各种各样的妖怪们……能看到妖怪的少年夏目贵志，与招财猫外表的妖怪猫咪老师一起，为大家讲述一个奇异、悲伤、怀念、令人感动的怪诞故事。']
2005年4月15日/善聡一郎（#1-#489）、八鍬新之介（#490-#515）/藤子・F・不二雄/渡辺歩→渡辺歩、富永貞義→丸山宏一、富永貞義→富永貞義→吉田誠、富永貞義→丸山宏一,哆啦A梦,,*,ドラえもん,95,8.3,1617,"['『ドラえもん』は、藤子・F・不二雄の漫画作品『ドラえもん』を原作とするテレビアニメである。', '\n『ドラえもん』のテレビアニメには以下の3作品が存在する。', '\n1973年に日本テレビ系列局で放送されたシリーズ', '\n1979年から2005年3月まで放送されたシリーズ', '\n2005年4月より放送中のシリーズ', '\nこれらを区別する呼称は公式には発表されていない[1]。一方、アニメ誌では2005年4月より放送中のシリーズを『ドラえもん（新・第2期）』としている。ウィキペディアではそれにならい、1973年に放送されたシリーズを第1作、1979年より放送されているシリーズをまとめて第2作とする。また第2作において、1979年から2005年3月まで放送されたシリーズを第1期、2005年4月より放送中のシリーズを第2期とする。', '\nvia http://ja.wikipedia.org/wiki/%E3%83%89%E3%83%A9%E3%81%88%E3%82%82%E3%82%93_(2005%E5%B9%B4%E3%81%AE%E3%83%86%E3%83%AC%E3%83%93%E3%82%A2%E3%83%8B%E3%83%A1)']"
22话/2016年10月8日/新房昭之/羽海野チカ（白泉社ヤングアニマル連載）/杉山延寛,3月的狮子,"新房昭之x羽海野千花x久保田光俊
--TV动画“3月的狮子”第一期看到最后现在的感想是什么呢？
羽海野：能做出这么好的动画真是特别高兴，而且因为是在NHK放送，在乡下也能看到。在放送日为了能在晚上也醒着，父母和亲戚都是白天睡下来保证能看上。能听到大家说“很有意 ... ,名仓靖博
--首先请说以下读过原作后的感想。
名仓：是以自己一直以来不熟悉的将棋为主题，而且有很多大叔角色登场的很深厚的印象。羽海野老师对人们的观察很细致入微，也逐渐被作品的世界观吸引，不知不觉间就读了很多。在画面上营造出了很温暖的世界观，很有魅力。
- ... ,新房昭之x浅野直之
【故意做出暗印象的OP】
--浅野先生是第一次参与新房监督的作品吧，能说一下是怎么进入“3月的狮子”制作中的吗？
浅野：一开始来打招呼说是要做角色设计，但是角色设计之后交给了杉山先生，过了一段时间后shaft那边说“可以的话请做一下ED”，但不知 ... ,新房昭之x冈田坚二朗
【想做让原作粉不失望的作品】
---先问冈田先生，在读了原作后有什么感想呢？
冈田：是一个把很多主题和要素压缩集合到一起，读起来的密度很高的作品，正因如此留下了很深的印象。
---以前知道“3月的狮子”这部作品吗？
冈田：较久之前就知道了羽 ... ,由于各种各样的原因，例如整体评价一般、口味不合、烂尾、三集弃等，一些动画我们可能不会去看。不过，这些作品中有一些可以直接观看的优秀单集，是很值得推荐的。
收录条件：
1. 该单集足够好看；
2. 单独拿出来看该单集基本不需要补充该作的知识，或者只需要补充少量该作 ... ",22,3月のライオン,94,8.3,3530,"['独自居住在东京旧市街的17岁职业将棋棋士——桐山零。', '\n他是个幼时就因为意外失去家人，怀抱着深沉孤独的少年。', '\n出现在这样的他面前的，是明里、日向、桃三姐妹。', '\n与她们的相处后，零开始发生些许改变——。']"
13话/2014年7月6日,太空丹迪 第二季,"青年的时候，我喜欢星际牛仔，长大后却更爱宇宙丹迪，成年所明白的第一件事就是“自己并没有才华”，宇宙丹迪的主人公不再是万能的赏金猎人，不再像一个武打明星一样，不再那样冷静机敏，甚至连属于自己的爱情都错过了，从34岁到年近半百，渡边的心境也不会是一成不变的吧。 ... ,将我的沙漏打破，让沙子流入你的心室，在导致亲爱的你心肌梗塞的同时，也停止我的时间，如果于此宇宙弦也握于我掌中，那么温柔地端详怀中面色发紫的你，将成为这宇宙中限定148亿万年之中我的永恒之光。- 地球历2015.3.31记 ... ,2012（个人）二次元总结[http://bgm.tv/blog/42576]
2013（个人）二次元总结[http://bgm.tv/blog/50180]
Ps.本文带有强烈的个人主观意识，不喜轻喷
今年事情有点多，所以没有前两年看动画那么狠了(bgm29)（…你真的好意思这么说？），貌似打分也比去年放宽了不少（去年的近3倍耶！） ... ,七月份好多番啊，七月份好忙啊，总觉得没什么时间看动画。
每天下班回来啥都不想干，就想坐下来看看动画。
七月虽然上的片子多，但是第一波选择看看的却不算多，再筛选一下，于是这一季追的新番又是14部。
------
上档
元气囝仔/ばらかもん
停不下来的熊孩子。
太空丹迪 ... ",13,スペース☆ダンディ シーズン2,92,8.3,1627,[]
16话/2007年7月26日/大森貴弘/成田良悟/岸田隆宏,永生之酒,"1711年，一艘破船上的一群人不明原因召唤了恶魔获得了喝下可以永生以及可以杀死其他永生者的能力。1930年， 破船上那些不太争气的永生者中出的一个叛徒成为了大BOSS，研发出了新的量产型永生酒，但不幸被纽约黑道家族瓜分，自己也被反对他的所谓正义一方的永生者干掉了 ... ,　　总算在看了(通过多方信息的‘宣发’却一直没有选择去看)，又因画质/弹幕的劝退所以还是下了BD。必然得知了这是更偏玄幻的叙述作品。采用多线非顺序时段插叙。
　　当我看到第8話时 无聊其实都已堆积到一定量级了(其实前面也没怎么认真看..顺带播放着的..)。 ... ,-
完成《永生之酒》的观看大概是用了四天多的时间，从前期复杂叙述手段与诸多角色在短时间内的登场到后期能够比较清晰地梳理结构，主要还是依靠对于故事剧情本身的关注。如果在从一开始就以“深度”的角度来看这部动画，可能会被文学中常见而动画中罕见的叙述手法 ... ,首先要明确，动画第一话和sp下集已经提出，这个故事没有开始，也没有结束。DRRR虽然也将故事拆散，但动画每一集都有一个解说者和一段主题，而整个故事背后的主线有三条：赛尔提的头，龙之峰帝人对非日常的憧憬，折原临也制造混乱。三条主线缺一不可，构成完整的“故事们”。但其 ... ,其实最初知道成田良悟是因为DURARARA!!这部作品。
成田真的是一个非常脑洞大的作家，在看完baccano的动画之后我马上去补了小说。其实成田的小说其实可以称为（很难动画化的小说）比较合适。。。
成田可以说是一个超级随心所欲的作家，想到什么写什么，发现不对劲了就用 ... ",16,BACCANO! -バッカーノ!-,93,8.3,5935,"['\u3000\u30001711年在大西洋上，背井离乡的炼金术师们从恶魔手中得到了一样东西——那便是永生之酒。为了独占永生之酒的配方，在秘密之船上的众人开始互相残杀。1930年代的纽约的黑道中，年少有为的菲洛、傻瓜盗贼夫妇、200年老不死的炼金术士和他的助手，以及菲洛从小的玩伴、豪门千金、恐怖组织成员、年轻的列车长……这一群原本毫不相干的人却因永生之酒的复苏让他们的命运开始复杂交错起来。', '\n\u3000\u3000以纽约作为目的地，从芝加哥出发穿越美洲大陆的列车上，命运之轮将所有人聚集到了一起。而在这辆列车上的不仅仅是“人类”而已。传说中的幽灵再次出现，车上的旅客从最后一节车厢开始一个一个接连消失……']"
1话/2008-06-27/AndrewStanton,机器人总动员,,1,Wall·E,91,8.3,3081,['“WALL· E”是Waste Allocation Load Lifters - Earth（地球废品分装员）的缩写，这种职业出现在2700年，因为地球的垃圾多到爆炸，整个星球几乎被垃圾掩埋了，罪魁祸首-人类-只得移居到太空船上，并且请一家叫Buynlarge公司清除地球的垃圾，待万物更新时再飞回地球安居。Buynlarge公司把这种叫WALL· E的机器人大批送往地球捡垃圾，但WALL· E并不适合地球的环境，大批量地来也大批量地坏，最后只剩下一个机器人还在日复一日的按照程序收拾废品。就这么过了几百年，仅存的WALL· E还在垃圾堆里淘到不少人造宝贝，它也开始有了自我意识，懂得什么是孤独。有一天一艘飞船突然降落，一个女机器人夏娃来到地球执行搜寻任务，捡垃圾的机器人“爱”上了Eve，但是它面临着两难的抉择，是跟夏娃飞离地球，还是继续按照身体里的程序捡一辈子的垃圾……\u3000\u3000']
1话/2007年9月21日/佐藤順一/天野こずえ/古賀誠,水星领航员 OVA,"感兴趣可以自行制作，附带模板一张
aria ,在很久之前就听说了水星领航员这部动画，只不过由于觉得没有时间，或者可能很无聊就并没有去看，在补了很多动画之后，确实觉得十分乏力了，感觉有点提不起兴趣，在某一天突然又想起了水星，于是我下载下来开始观看。
正如大家所说，水星是一部适合一天一集的睡眠番，在夜晚到来 ... ,轻轻的风拂过，水面泛起了淡淡的波，一艘小舟从巷道驶来，带着满船的温馨。回眸一梦，我已经爱上了水星。
对水星的记忆已经朦胧，但似乎越朦胧，水星的美越清晰。梦里那淡蓝色的星球像是近在眼前，点点滴滴触碰这温柔的世界。
梦见那ARIA平静的日常，三条波纹柔柔的散开，领航员 ... ,水星领航员——美丽奇迹
水星领航员是一部治愈人心的作品，如微风拂面，水波荡漾，并不喧哗。
有的人说，看水星领航员一定会稍有倦意，并不是因为作品的无趣，当那种温暖扑面而来，淡淡的平静涌入心头，然后酣然睡去，沉醉在梦中。水星领航员就是这么美丽的作品。
水星领航员是 ... ",1,ARIA The OVA ～ARIETTA～,90,8.3,750,['梦见成为Prima的灯里，开始对自己早已熟悉了的日常风景开始感到困惑不安。即使梦醒之后这种不安仍然没有消除，灯里的脑子里慢慢出现了这样一个疑问：“为什么艾莉西亚会选择自己（进ARIA Company）呢？”为了解答灯里梦中的疑问，艾莉西亚开始讲述自己的过去。慢慢的，灯里入社、ARIA公司的过往历史被一页页翻开。从创建ARIA的全能领航员奶奶开始，ARIA公司代代传承的东西和思想到底是什么呢？']
50话/1999年4月9日/富野由悠季/矢立肇、富野由悠季,∀高达,"每天看一点，看了一个半月才看完。风格很神奇，简介说前期颇有宫崎骏的风格，的确是这样，对于故事的细节描写特别多，乍看似乎无直接目的的故事叙述让人觉得清新爽朗，后期的故事发展复杂但也不失调理，内容十分充实。而整部动画的风格极强，与市面上大多数的动画截然不同，比起 ... ,侵删。
“围绕『TA』我想了很多，总觉得什么地方做错了。这半年来一直有这么个念头，而我一直以来思考并感觉的东西就是我是不是一开始就把敌人的设定给弄错了这件事情。我会想为什么非要把敌人的范围局限到这么狭小的空间里去。果然，在受到初代高达的影响后的结果 ... ",50,∀ガンダム,89,8.3,990,"['故事舞台是在遥远的未来，部分人类离开太阳系外，发展出高度的文明，这个文明的一架废弃机体(Turn X)漂流回到地球上，地球上的人惊觉外面有极高文明的人类，自己却连逆向工程复制一架废弃机体都做不到(过程中产生了Turn A)，地球上的人分成了两派，一方认为应该继续全力发展现存文明，急起直追；另一方则认为继续发展不可能追上，只有毁灭文明，重新从其他方式发展才能够追上。两派地球人各持Turn X和Turn A交战，在交战过程中，Turn A破坏了地球文明，部分留守地球的人在地球上重新建立起文明，而科技再度发展到类似第二次科技革命的时代。', '\n而被留在月球上冯 布朗的居民Moonrace，则是保存了以前人类地球居民文明所发展的高科技（但仍然和太阳系外有重大差距）。留在月球上的居民想要重回地球居住，于是派遣了“先遣部队”作实验性移民并和留守地球的人类接触。', '\n二年后“先遣部队”成功后确认了自己适应当代地球后，而派遣了先锋部队Dianna Counter来到了Amercia（原来的美洲），想为月球人的移民做预备。而这个举动惹怒了Amercia上的各领地，其后双方谈判不果。于是在地球跟月球就开始了小规模的冲突。及后月球军方首领战斗神吉姆=金卡拉姆叛变，亦加入战争。', '\n而部队Dianna Counter的成员罗兰，在经过两年适应并融入当地后，于成人仪式上遭遇迪亚娜回归军攻击村庄，无意中启动了被地球人误会为神像，旧地球守军的最强（曾经让人类文明濒临灭亡）MS Turn A Gundam，故事正式开始。']"
12话/2007年7月12日,物怪,"bilibili.com/video/av81762159
动漫：
モノノ怪【bgm.tv/subject/2496】
BGM：
スタジオネネム-spirit amplifier
pan.baidu.com/s/1UUinXspcSxpiE5UrKfW2ew ,动画制作：東映アニメーション
导演：中村健治
音乐：高梨康治
说起东映脑中就想起海贼王，和漂浮不定的作画质量，但在モノノ怪里面我只看到资金的燃烧和风格的独特美丽。而且有钱真的可以为所欲为，请来了一队豪华阵容，让这个动漫的质量有了保证。
说到モノノ怪就不得不 ... ,DAY21单纯因为美术风格而喜欢的动画
物怪
介绍：出品时间2007年7月，监督中村健治，脚本高桥郁子、小中千昭、石川学、横手美智子，制作公司东映动画。讲述携带斩魔剑四处旅行的除妖师药郎，在接受除妖委托后探寻出妖怪出现的缘由、真相和隐情后，将妖怪一一除去的故事。
... ,今晚看到怪化猫第八话
讲关于香道的，其中有个“源氏香纹“挺有趣，一共52种
突然觉得很有意思，于是自己亲自搭配了下。
无奈数学已成渣，什么c52 c53的加起来总不够52，完全不得要领
只好一个个数一数
还是不甘心用这种笨蛋方法，于是试着推算了下1234次的话分别有 ... ,
bangumi上面竟然没有化猫的评论？！！之前说过要写《怪化猫》的长评……参考了一些资料后，今天就一口气写下来了……= =
这年头能有一部像《怪化猫》一样华丽诡异妖艳的动画实在是奢望至极……这三年来的动画没有一部能像化猫一样能够真正给人视觉震撼的（当然- -柴本 ... ",12,モノノ怪,86,8.3,2386,"['有一位在各地旅行并且携带斩魔剑斩除「妖怪」的卖药郎。', '\n', '\n只要在他以及剑的呼唤下，在卖药男的面前就会出现一个又一个妖怪。', '\n', '\n在那些因为恐惧而要求除去妖怪的人们的请求下，他会拿出这把剑并且告知人们，他需要清楚找出关于妖怪的三种要素：分别是因为人的因果，所形成的缘份（えにし）即是「形（かたち）」、事情的真相「真（まこと）」、心中的隐情「理（ことわり）」才能加以消灭。', '\n', '\n就在这个除妖之旅上，他前往的地方，也就是各式各样所谓的「人世」。并且在完成使命后，又忽然消失于大家眼前……。']"
1话/2014年1月4日/長濵博史/漆原友紀/馬越嘉彦,虫师 蚀日之翳,"1.14【籠のなか】决断
2.12【香る闇】时间循环
主人公进入有香味的洞穴，便能穿越到人生的某一节点，清除记忆，重新过活，于是不断循环地过一段人生。主人公的既视感越加严重，某次遇到银古后，他做出抉择，想看到那个从未见过的未来，从未见过的妻子的脸庞。可惜，那不是一个美 ... ",1,蟲師 日蝕む翳,88,8.3,1673,['日食发生之时，虫子最易活跃且容易发生状况，主人公银古守护的村子就出现了奇异的虫子遮天蔽日，人们最熟悉的太阳光芒即将消失。在苦苦寻找根源的时候，银古发现了一对身体奇特的姐妹，进而找到了虫子的“根”，与村民合力把根送到太阳照到的地方，解除了阳光被遮挡的危机。']
1话/2015年5月16日/長濵博史/漆原友紀/馬越嘉彦,虫师 续章 铃之雫,"1.14【籠のなか】决断
2.12【香る闇】时间循环
主人公进入有香味的洞穴，便能穿越到人生的某一节点，清除记忆，重新过活，于是不断循环地过一段人生。主人公的既视感越加严重，某次遇到银古后，他做出抉择，想看到那个从未见过的未来，从未见过的妻子的脸庞。可惜，那不是一个美 ... ,
“尝遍人意不留意，写尽诗情不言情”——记《虫师》
----------------------------------------------
那应当是一个深春时节，风在山林里回转，半腿深的野草随意摇摆。银古吹出一口烟，就有几条虫在空气里仓皇游走。他把手插进口袋里，转过身说：“那么，出发吧。”
这 ... ",1,蟲師 鈴の雫,85,8.3,1041,"['ヒトから生まれ、ヒトとは成れぬ事を定められたモノが在った。', '\n摩滅しゆく心に灯るは無数の光——己を取り巻く総ての生命という輝き。', '\n往くべき処を悟るモノ、還るべき温もりを示す者。', '\n其々が其々の”生”を全うする刻、かの地に鳴り渡るのは——', '\n幽寂なる調べ。']"
15话/2009年7月3日/新房昭之/西尾維新「化物語」（講談社BOX）/渡辺明夫,化物语,"https://www.bilibili.com/read/cv6054727 ,尾石达也:文字纯色镜头、实景、快切、画风乱入。（代表ep716:45-18:15）
武内＋饭岛:几何线、无机质感、平面化。
新房:特写大远景、光影、轮廓构图、静止画。
渡边明夫:色气。
就这样吧。
... ,我是13年左右开始看的化物语，后来陆续看完（除伤物语），并看了日语的花物语和终物语上小说
今天回顾了终物语（的一部分），深感物语还是好看
能看出作者学识丰富，文笔出众，物语系列只是厚积薄发而已，和那些轻小说作家不可同日而语，属于阳春白雪作者写下里巴人，充分运用商业化手 ... ,嗯。。因为关联最多五个就挑了5个自己觉得是重要作品的5个
SHAFT能在这么多作品中一直保持着一些特有的演出风格和颜色使用效果的一个重要原因是制作staff的固定，社内最重要的部分是分镜演出人员和数码部门，这些人在新房加入后基本保持着稳定，而且有些人即使转为 ... ,宅龄不到一年基本上还处于补老番阶段，极其不客观无章法没草稿想到啥写啥(bgm25)。(bgm24)自己对物语的感觉和拙见。
建议观看顺序：化伪（猫黑）（猫白）倾囮鬼恋凭花终历伤（终下）
关于物语系列想写的实在太多，这里就尽量从简吧，基本无剧透放心食用。
最初知道新房和shaft ... ",15,化物語,87,8.3,10398,"['所谓怪异——是因为世界上没有那种东西的存在。', '\n与生物有所不同——但与世界紧紧相连。', '\n故事主人公阿良良木历，因为知道了同班同学战场原的某个“秘密”，从此被卷入一连串的怪异事件中……。']"
10话/2006年2月10日/ところともかず（#1-#4）、田中洋之（#5-#7）、松村やすひろ（#8、#10）、鈴木健一（#9-#10）/平野耕太,皇家国教骑士团 OVA,"接触了漂流武士后才过来发掘，最突出的是画面，平野先生人脉很广，堪比电影的画面把我头看晕了，喜欢这类剧情的话想必要尝试家庭影院，要我看这类屏幕不会超过30寸。
堪比电影的画面，当然还有堪比电影的演出和时长，24分钟显然已经可以讲透剧情，毕竟宣传也下了力，最后还是成 ... ,打分的时候，我实在挑不出这部《Hellsing》有什么问题——一气呵成的十集OVA，每集有平均48分钟的长度，而只专注地讲了一个关于传承与守护、关于复仇与战争的故事，没有多余支线；人物的塑造也在故事的推进中展开，但却不失其魅力，观看下来，几乎每个角色的形象都让人印象深 ... ,个人向对曾经观看过得番剧再次重温并且，留在目录中，同时向看到的人做出个人的推荐判断。
与TV相比，OVA炸裂、升华、本体。可能第一次观看的朋友对世界观不太了解，而且本作也没有明确在动画里表达多少世界观的描述，但度过和有耳闻、去度娘也可以查一查著名的吸血鬼 ... ,平野胖子的兴趣在这个作品里一览无余，整个作品杂糅了吸血鬼，吸血鬼猎人，活死人，纳粹，黑科技，圣经，宗教阴谋，北欧神话，改造人，十字军。。。天哪天底下再也找不到第二个这样的大杂烩了。所有角色的每一句台词都在穷尽装逼的极尽，三句话不带一个长排比句就会死，比这个作品中二 ... ,黑色推销员NEW
评分：4
吐槽：前作名声在外、故事类型比较少见是我选择在这部动画的原因，结果看了之后比较讨厌。在第二部NEW之前看了一下上一部的第一话，觉得NEW在翻新经典旧作的处理上，叙事方式保留原样可取，但故事内容丝毫不进行时代化加工，没有结合当下时代背景进 ... ",10,HELLSING OVA,84,8.3,2862,['在一次对治某村庄食尸鬼的超自然事件时，平凡女警女警西洛斯·维多利亚遭到袭击，奄奄一息，关键时刻吸血鬼杀手阿尔卡特出现，铲除食尸鬼，并将西洛斯变成了吸血鬼的一员，她顺理成章也接触到了阿尔卡特背后的神秘组织，即为维护英国基督新教、与反基督怪物作战的皇家国教骑士团（Hellsing），在现任当家伊塔古拉·方布鲁克·维英格茨·赫尔辛的率领下，他们接手一桩桩危险且阴谋重重的任务。在这一过程中，与食尸鬼有关的事件层出不穷，死后背后有另一个神秘组织正在策划惊天阴谋。梵蒂冈特务局第十三课Iscariot机关局长安利哥·马克斯威尔、安德鲁森神父等重要人物相继现身，为了保护英国本土和基督新教，第九次十字军成立，而他们的对手则是纳粹余孽少校所率领的1000头食尸鬼组建的千禧年大军。']
6话/1988年10月7日/庵野秀明/岡田斗司夫,飞跃巅峰！,"《飞跃巅峰》（トップをねらえ）系列两部，是由日本动画公司GAINAX分别在1988和2004年发售的动画作品。其中系列第一部获得第21回星云奖（日本、多媒体部门），被誉为「御宅向OVA的金字塔」。两部作品讲述了在跨越近一万年的时间中，少年少女们驾驶着机器人以宇宙为舞台（主要 ... ,“国家队”开播了，许多人说很有G社的味道的精髓，不由思考了下G社味道的精髓到底是什么。
媚宅吗，有媚宅元素的动画千千万但似乎没几部被说像gainax；
少年少女机器人战舰吗，似乎也是同样的情况；
想了想结论大概是科幻+动画+御宅的结合吧，但现在大家似乎更看重的是宅，或 ... ,　　从前至尾的人物关系设定，对话，语气洋溢着网球甜心的影子，去google了一下，猜我在维基发现了什么？
　　OOPS!!
　　”4.飞越颠峰（トップをねらえ！）的名称可能是戏仿一套1972年的网球动画《网球甜心》（エースをねらえ!）。“
　　天野大姐在看人间失格，怎么感觉不合适 ... ,飞跃颠峰
失落在时间夹缝中的泪痕，12244年的感动
”飞跃颠峰! Gunbuster，是一部日本Gainax公司制作的科幻OVA动画。
飞跃颠峰! Gunbuster，是一套讲述人类对抗宇宙生命体的科幻机器人动画。
* 动画于1988年以OVA形式发售，共六集。
* 故事的世界观于小说飞跃颠峰Ne ... ,科幻的一般境界，在于探讨物理定律对于人类社会的影响和变化。
科幻的较高境界，在于探讨人类在变化的社会背景下的不变的永恒的情感。
而科幻的最高境界，在于从物理定律推导出人类的悲欢离合，阴晴圆缺。
我从来没有想过科幻可以达到这种境界，直到我看完这部1988年的 ... ",6,トップをねらえ!,83,8.3,2321,"['\u3000\u300021世纪人类开始开发宇宙。但是宇宙生物群(通称宇宙怪兽, STMC)，一种以恒星作载体繁殖的生物来袭，使人类文明受到重大威胁。', '\n\u3000\u3000为了对抗宇宙怪兽，机械人兵器和宇宙战舰持续开发中，由地球上的机械人训练学校找出优胜的驾驶员控制。', '\n\u3000\u30002015年，在人类史上第一次和宇宙怪兽接触后，故事的女主角高屋法子进入了机械人训练学校接受训练，驾驶人类对抗宇宙怪兽最强武器Gunbuster，开始了她守护地球使命的故事。 ']"
26话/2006年4月2日/佐藤順一/天野こずえ/古賀誠,水星领航员 第二季,"感兴趣可以自行制作，附带模板一张
aria ,在很久之前就听说了水星领航员这部动画，只不过由于觉得没有时间，或者可能很无聊就并没有去看，在补了很多动画之后，确实觉得十分乏力了，感觉有点提不起兴趣，在某一天突然又想起了水星，于是我下载下来开始观看。
正如大家所说，水星是一部适合一天一集的睡眠番，在夜晚到来 ... ,スタッフ情報も解禁！総監督は『ARIAシリーズ』を手掛けた佐藤順一さん！監督はカサヰケンイチさん！脚本は赤尾でこさん！キャラクターデザインは伊東葉子さん！制作はJ.C.STAFF！豪華制作陣によって『あまんちゅ！』が制作されます！ #あまんちゅ
... ,轻轻的风拂过，水面泛起了淡淡的波，一艘小舟从巷道驶来，带着满船的温馨。回眸一梦，我已经爱上了水星。
对水星的记忆已经朦胧，但似乎越朦胧，水星的美越清晰。梦里那淡蓝色的星球像是近在眼前，点点滴滴触碰这温柔的世界。
梦见那ARIA平静的日常，三条波纹柔柔的散开，领航员 ... ,水星领航员——美丽奇迹
水星领航员是一部治愈人心的作品，如微风拂面，水波荡漾，并不喧哗。
有的人说，看水星领航员一定会稍有倦意，并不是因为作品的无趣，当那种温暖扑面而来，淡淡的平静涌入心头，然后酣然睡去，沉醉在梦中。水星领航员就是这么美丽的作品。
水星领航员是 ... ",26,ARIA The NATURAL,82,8.3,1272,"[' 水の星AQUA（アクア）の観光都市ネオ・ヴェネツィアを舞台に、', '\nウンディーネを夢見る少女、水無灯里。', '\n', '\nそんな彼女の柔らかな日常を情感豊かに描いた未来形ヒーリングアニメーション。', '\n「ARIA The ANIMATION」。', '\n', '\nそのセカンド・シーズンである「ARIA The NATURAL」は、佐藤順一監督をはじめとする', '\nスタッフ＆キャストはそのままに、さらにナチュラルで優しい世界へ視聴者を誘います。', '\n', '\n今シリーズのテーマは“出会い”。', '\n', '\n出会いを見守る街としてのネオ・ヴェネツィアの『素敵』を描いていきます。', '\n', '\n主人公に優しくてちょっぴり切ない物語が広がります。']"
75话/2001年10月10日/西澤晋、神谷純、えんどうてつや/ほったゆみ、小畑健/本橋秀之、関口可奈味、上田美由紀、芝美奈子,棋魂,"
对于这部神作，我认为首先作品名字翻译的就非常有水平。第一，干净简洁，只有两个字。第二，一语双关。一个“魂”字既说明了本作品是讲述关于下围棋的真正精神是什么，什么是“围棋之魂”，神之一手，又巧妙地概括了故事主人公的老师“藤原佐为（Sai）”这个会下棋的“鬼魂” ... ,ep.72
两人正在讨论塔矢行洋转到北京队的事情。
王星作为塔矢行洋的脑残粉一脸鸡冻
杨海表示不服
并摸着老婆深情说道（作为国手你整天上网在看些啥）
仅仅十多年后的今天，网瘾青年杨海的话就成了真[http://bgm.tv/group/topic/337591]。实现者不是亚 ... ,看了好多遍！真的太棒了！ ",75,ヒカルの碁,81,8.3,2796,"['\xa0 \xa0\xa0 \xa0 小学生进藤光在爷爷家的仓库玩耍时，邂逅了千年前的棋士藤原佐为的魂魄并被强行附体，对围棋原本毫无兴趣的他要如何与佐为相处？', '\n\xa0 \xa0\xa0 \xa0 在佐为的帮助下进藤光意外打败了棋坛明日之星塔矢亮，受到众人关注的他要如何面对自己的人生之路？ ', '\n\xa0 \xa0\xa0 \xa0 一段联结千年时光的围棋物语就此徐徐展开......']"
9话/2019年10月25日/山川吉樹/押切蓮介（掲載月刊「ビッグガンガン」スクウェア・エニックス刊）/桑波田満（SMDE）,高分少女 第二季,,9,ハイスコアガールⅡ,120,8.2,1231,"['喜欢游戏的少年，因为游戏与少女相遇。', '\n', '\n对胜利的渴望，对技术的追求，对自尊的维护，在游戏中心孕育的友情与爱慕。依靠着来自朋友、家庭和游戏角色对内心的支撑，少年少女们也在不断的成长，只要继续坚持就能无限续关？', '\n', '\n春雄、晶、小春挑战最终关卡的结果究竟是？']"
12话/2003年8月26日/武本康弘/賀東招二/堀内修,全金属狂潮 校园篇,"青花/蓝花
评分：7.5
吐槽：《放浪息子》原作志村贵子老师的另一部动画化作品，朴素淡雅的水彩画中描绘出了几个女孩朴素淡雅的爱慕和友情，在恬静舒缓的钢琴曲BGM伴随下让观众走进了她们的内心世界。犹如看一篇平淡的散文，能从平淡的故事中体会到不平淡的情趣。背景风 ... ",12,フルメタル・パニック? ふもっふ,119,8.2,4122,"['相良宗介中士是神秘的国际组织米斯利尔特殊部队成员，这一次任务是化装成高中生潜入都立阵代高校，去保护一位16岁的女高中生千鸟香奈芽，这位蓝发少女似乎和普通的女高中生没有什么两样，但却成为各国间谍秘密争夺的目标，为了保护千鸟，宗介与其他神秘组织对峙，使得都立阵代高校成了一块危险之地，校内随时发生疯狂的机枪扫射及山崩地裂的爆炸事件。', '\n宗介与高卢决战之后，宗介继续担任千鸟的贴身保镖，可是他的性格无疑又为校园的安全和世界的和平蒙上了层层阴影，作为学生会副主席的千鸟当然不能袖手旁观，在宗介作出一些危险的事情之后，一场痛打是免不了的。', '\n', '\nP.S. 本作故事发生时间被设置在第一季与第二季之间，看完第一季后再看本作观感更佳。']"
13话/2005年10月5日/佐藤順一/天野こずえ/古賀誠,水星领航员,"感兴趣可以自行制作，附带模板一张
aria ,人总要面对外境，而外在的环境如何呢？大概会给人带来快乐和悲伤。人总是讨厌悲伤，喜欢快乐。于是快乐的回忆总会被深刻地储存着。
正如《水星领航员》第11集，围炉夜话的上一辈，想起了当年一起练习的时光。原来和灯里三个人一样，当年练习的她们有着同样忙碌但是快乐的 ... ,如果12集全塞到一起感觉太长，就分开三段吧。
这真的是日记，毕竟我为了看别人给我安利的神作，一天一集好好认真看，不然每天看太多会遗漏某些细节和感想。(bgm38)
第1集
前半集差点想睡觉。
但是后面营造的社长被水冲走的戏剧冲突，让观众把注意力集中到“女主虽然菜 ... ,找了半天资源都没找到合适的，这不是治愈番吗？为啥资源比里番还难找 ,在很久之前就听说了水星领航员这部动画，只不过由于觉得没有时间，或者可能很无聊就并没有去看，在补了很多动画之后，确实觉得十分乏力了，感觉有点提不起兴趣，在某一天突然又想起了水星，于是我下载下来开始观看。
正如大家所说，水星是一部适合一天一集的睡眠番，在夜晚到来 ... ",13,ARIA The ANIMATION,118,8.2,1974,"['本故事的时代背景在24世纪。彼时人类在火星上进行行星地球化改造工程，由于两极冰帽融解的水量超乎预期，全星球有90%被海洋覆盖，因而被人称呼为「水星」（AQUA）。在此星球上有个以过去被称为水都的威尼斯为范本所建造的城市新威尼斯（Neo-Venezia），因其仿古的建筑与承袭传统的生活方式而广受观光客喜爱，而其中有一种驾驶小舟穿梭于运河之间，带领观光客游览整座城市的职业，被称为领航员（Undine）。', '\n出身于地球的水无灯里，以成为能独当一面的领航员为目标而来到新威尼斯，目前在艾莉西亚和亚利亚社长的Aria Company中见习。身为半熟手的她，每天都持续练习操控贡多拉及观光导览。《水星领航员》便是在描写灯里以及她身旁的朋友在一年四季中的日常生活点滴。']"
8话/2002年1月17日/冨樫義博,猎人 OVA,,8,HUNTER×HUNTER,117,8.2,892,['\u3000富樫義博が描く大人気コミックを原作とするＴＶアニメーション作品。主人公の少年・ゴンは、ある日、父親ジンの弟子であるというハンター・カイと出会う。そして、死んでいると聞かされていた父が実は超一流のハンターとして生きていることを知る。自分も父親と同じハンターとなることを目指し、旅に出るゴン。ハンターの資格を得るには、ハンター協会が毎年一回開くハンター試験に合格しなければならない。ゴンは旅の途上で知りあったレオリオ、クラピカといった仲間たちとともに、無理難題が山積するハンター試験に挑んでいく。はたして彼らは、見事ハンターとなれるのか、そしてゴンは父親との邂逅を果たすことができるのだろうか。']
14话/2015年4月7日/石原立也/武田綾乃（宝島社文庫「響け！ユーフォニアム」シリーズ）/池田晶子,吹响！悠风号,"
然后，下一曲开始了！
《 吹响！悠风号》观后感（仅动画）
⚠剧透警告⚠
Part.1 观看背景
还依稀记得第一季连载的时候，感叹着“这个世界上还有制作如此精良的动画”的我的样貌。但后来不知道什么原因，阴差阳错地没有继续看下去。
后来在完全懵逼的情况下在高铁上看 ... ,由于各种各样的原因，例如整体评价一般、口味不合、烂尾、三集弃等，一些动画我们可能不会去看。不过，这些作品中有一些可以直接观看的优秀单集，是很值得推荐的。
收录条件：
1. 该单集足够好看；
2. 单独拿出来看该单集基本不需要补充该作的知识，或者只需要补充少量该作 ... ,我很喜欢京吹1期，很大原因是初中的时候在学校高中部的乐团呆过。当时是吹的长笛。乐团水平不怎么样我也不怎么样。我的水平是低配黄妹妹的水平，一般水平，不过我还是有黄妹妹的一些显著特质的，比如说大叔，还有糟糕(bgm38)
但是京吹1期很有青春的感觉，因为它唤醒了6、7 ... ,为什么松田彬人不火呢。虽然很多人只关心美少女百合，但对我来说是松田彬人的音乐让这个作品有了说服力。一个自称从来没接触过吹奏乐的突然被要求写首吹奏乐曲子出来，中间的细节要拿出来符合故事情节：要在最关键的地方有个显水平的小号solo供reina和kaori竞争；要有 ... ,1.剧场版《吹响！悠风号～誓言的终章～》公开前1个月纪念
人物Q版ICON（共19枚）
官网页面[http://www.anime-eupho.com/special/icon/] 有重新排序
久美子丽奈秀一叶月sapphire kawashima明日香夏纪蝴蝶结东山mizorechuppa梨子香织班长老师鈴木美玲月永 求鈴木さつき久 ... ",14,響け! ユーフォニアム,116,8.2,6749,['进入北宇治高中就读的主人公黄前久美子，在同班同学加藤叶月的热烈影响下加入了该校的吹奏部。北宇治高中吹奏部直到5年前还是关西大会的常客，并且过去还是全国大会出场过的强校代表，然而自从顾问换了之后，该吹奏部就再也没有挺进过关西大会。之后以新顾问的赴任为契机，怀揣着高远目标的部员们挥洒着奋斗的青春，过着波澜万丈的每一天。终于，比赛的日子也即将到来……']
1话/1999年8月14日,少女革命剧场版 思春期默示录,"（文章最初發表於2014 年 9 月 1 日，因網誌域名關閉而轉移Bangumi作出備份，略有修改。經過百合熊嵐和皿三昧，現在看來覺得當時的自己還是太嫩了，你以為自己很了解幾原到頭來還是甚麼都不懂。）
=====
先聲明少女革命和回轉企鵝罐是兩套完全不一樣的作品。近日百合熊風 ... ,若蛋壳没破的话，雏鸟将无法诞生而死去，吾等就是雏鸟、蛋则是世界，若是不打破世界之壳的话，吾等将无法诞生而死去，将世界之壳破坏吧！为了让世界革命！
由于《回转企鹅罐》的关系春节假期的时候把几原邦彦的一部老动画，1997年出品的《少女革命》补了，看完《少女革命》后仿 ... ",1,少女革命ウテナ アドゥレセンス黙示録,115,8.2,927,"['\u3000\u3000打扮成男子模样的少女天上欧蒂娜因为某个原因而转学到贵族学校·凤学园，在那里，她遇到了被称为“蔷薇的新娘”的美丽少女姬宫安希，从而被卷入了一场以争夺“蔷薇的新娘”为目标的决斗游戏。', '\n', '\n\u3000\u3000剧场版并非TV版的续篇，所有设定都作了大幅度变更。监督几原邦彦在制作剧场版时，对于电影的本质深思熟虑许久，针对TV和剧场的特性，减少突发演出的场面，希望让观众更容易理解作品的意涵。画面比TV版更华丽且超乎现实，但是相对地，故事更现实而残酷。', '\n\u3000\u3000剧场版探讨到少年与大人、梦想与现实的冲突。编剧榎户洋司言道：「这是根据青春的价值观作出的作品。」所谓青春并不是多么愉快的事物，但其中仍有无可取代的快乐，所以才觉得怀念。榎户秉持这份对青春的价值观，创造令人为之动容的剧情。', '\n\u3000\u3000剧场版中，欧蒂娜小时後不曾遇见过王子，想成为王子是由于其他更强烈的理由，男装打扮也比TV版更为彻底，只有在决斗时才会把头发放下回复成长发，动作和语气也显得更男孩子气。另一位女主角安希的造型则变成长直发，不戴眼镜。性格变得极其开朗活泼……另外，安希与晓生兄妹之间的关系，也变得更为悲壮残酷。', '\n\u3000\u3000剧场版中依然充斥无所不在的「王子」符号。桐生冬芽是欧蒂娜的王子，树璃被学校里的女学生们称为王子，枝织的儿时玩伴是王子，凤晓生是被魔女封印的蔷薇的王子，主角欧蒂娜也想要成为王子。然而，不论「曾经是王子」或「想变成王子」，都不是真正的王子，王子的涵意究竟为何？而身为被王子保护的存在的柔弱的「公主」，又要如何独力面对现实的世界，进行「少女革命」？']"
6话/2004年11月26日/鶴巻和哉/GAINAX/貞本義行,飞跃巅峰2！,"飞跃巅峰2的作画和音乐的配合太过完美，有好几个片段我都有反复观看，班塞隆出击、琪可登机、拉璐可搬星和最后的双重闪电踢，不仅是热血场面。最后的合照、拉璐可欢迎法子回家这些靠感情、情怀和音乐支撑的安静场面也让我印象深刻。
从理性上来说1是比2更好的作品，但 ... ,《飞跃巅峰》（トップをねらえ）系列两部，是由日本动画公司GAINAX分别在1988和2004年发售的动画作品。其中系列第一部获得第21回星云奖（日本、多媒体部门），被誉为「御宅向OVA的金字塔」。两部作品讲述了在跨越近一万年的时间中，少年少女们驾驶着机器人以宇宙为舞台（主要 ... ,飞跃颠峰
失落在时间夹缝中的泪痕，12244年的感动
”飞跃颠峰! Gunbuster，是一部日本Gainax公司制作的科幻OVA动画。
飞跃颠峰! Gunbuster，是一套讲述人类对抗宇宙生命体的科幻机器人动画。
* 动画于1988年以OVA形式发售，共六集。
* 故事的世界观于小说飞跃颠峰Ne ... ,重看天元突破，发现第六话当中……明日香、凌波丽、拉璐可、诺诺都进去客串了一把，还是兔女郎装束……剩下那两个是谁？
",6,トップをねらえ2!,114,8.2,2048,"['\u3000\u3000离家出走，单身来到都会的少女—诺诺。', '\n\u3000\u3000她有个十分雄伟的梦想，那就是成为宇宙驾驶员。', '\n\u3000\u3000然而现实却与她的梦想背道而驰，来到都会的她每天只能在宇宙港附近的小餐厅打工。', '\n\u3000\u3000某日，当她被老顾客捉弄时，凑巧来到店里的「真正的宇宙驾驶员」（Topless）拉璐可出面救了她。', '\n\u3000\u3000诺诺为此而感动万分，不仅称呼拉璐可为「大姊姊」，而且还紧跟在她身后直说：「我也想当宇宙驾驶员」…。', '\n\u3000\u3000诺诺被带到自治互助组织位于卫星基地「巨星云」的本部，美少年Topless「尼可拉」与教官「卡西欧」对这名少女的真正面貌与实力感到非常好奇。另一方面，火星警戒管制军对于宇宙怪兽屡次侵袭地面感到十分忧虑，于是将拉璐可叫回到舰上问话，没想到向来讨厌Topless的羽鸟司令官最后居然把拉璐可拘禁了起来。就在这时候，新的宇宙怪兽伴随着重力震动突然出现在火星区域…', '\n\u3000\u3000Topless的菁英们接获上级命令，前往阻止宇宙怪兽大军「木星急行」。为了配合这次的作战，全新打造的Buster机器人「卡福班提斯」也被派上前线；由於琦可在上次的战役中失去自己的Buster机器人，因此她把企图争夺驾驶宝座的诺诺视为竞争对手。某天，这两个女孩遇到一群小孩，他们说有事想拜托Topless…']"
14话/2010年4月1日/吉田隆彦,王牌投手 振臂高挥～夏日大会篇～,"写在前面：朝妈前期连载页数非常不稳定，像我这种总忍不住根据剧情进展幻想动画做到哪一步的人就忍不住边看边记录了一下页数。后面的剧情实在很精彩，除了画风有点日渐微妙的感觉，不过这不重要，水岛哥哥什么时候把第三季、第四季、第五季整出来就好了（做梦中）......(bgm ... ,一楼防屏蔽(bgm24) ,思想電車
チュール
不知らぬ人　
次々と　一緒に載せで
チラホラだけと
かるがるど　僕も載せて
一日やれば　どこまでこねちゃうだな
行き先ない旅を
少しでも　僕は歩いて行きたくて
夕暮れを見てたら
少し寂しくて
一人では要らないだよ
遠くまで目を凝ら ... ,http://www.acgpiping.net/2010spring
王牌投手振臂高挥-夏日大会篇
巨乳监督和西浦全员
作为一个自称为野球白痴的人，虽然《四叶游戏》完结了但是这一季又有《棒球大联盟》第6季和《王牌投手振臂高挥-夏日大会篇》是何等的幸福。这两部经典的野球动画自 ... ,4. 王牌投手 振臂高挥～夏季大会篇～ (おおきく振りかぶって〜夏の大会編〜) – A-1 Pictures
推荐指数：85% 跟进指数：5/5放映日：04-01 （ 周四）
比较认真的棒球片子，没有太多可以介绍的，和预料中一样的第二季。同样的制作班子，水平只会比第一期更优秀。
因为原作只 ... ",14,おおきく振りかぶって～夏の大会編～,112,8.2,1147,['以棒球为题材的作品「王牌投手 振臂高挥」，继2007年4月～10月播放的TV版以来，将在今年春季档期播出动画版第2季了，并沿用第1季的制作班底和声优阵容。原作是樋口朝自2003年开始在讲谈社的月刊「AFTERNOON」上连载的同名漫画，曾获得2006年第十回手冢治虫文化赏“新生赏”。作品以新设立的高中棒球部为舞台，棒球健儿们携手奋斗朝着甲子园优胜的目标迈进的青春运动故事，该作不仅有着少年漫画惯有的热血情节，也有着不少的笑料。']
13话/2016年10月5日/石原立也/武田綾乃（宝島社文庫「響け！ユーフォニアム」シリーズ）/池田晶子,吹响！悠风号 第二季,"
然后，下一曲开始了！
《 吹响！悠风号》观后感（仅动画）
⚠剧透警告⚠
Part.1 观看背景
还依稀记得第一季连载的时候，感叹着“这个世界上还有制作如此精良的动画”的我的样貌。但后来不知道什么原因，阴差阳错地没有继续看下去。
后来在完全懵逼的情况下在高铁上看 ... ,1.剧场版《吹响！悠风号～誓言的终章～》公开前1个月纪念
人物Q版ICON（共19枚）
官网页面[http://www.anime-eupho.com/special/icon/] 有重新排序
久美子丽奈秀一叶月sapphire kawashima明日香夏纪蝴蝶结东山mizorechuppa梨子香织班长老师鈴木美玲月永 求鈴木さつき久 ... ,写于2017-2-8 8:44 PM
说起石原立也的话，总感觉他的把控力不够强，个人风格也完全没有彰显出来。或许只是放开手让手下任性发挥吧，反正我在京吹两季里看到的全是单集演出的个人风格。第一季整体还算统一，但第二季总觉得剥离感很强，每一集之间风格差别太大了。第五集 ... ,林くん是在东京交换留学期间认识的日本男孩子，和まつり选修一门课时分到同一组的时候熟起来的，上月刚满19岁的水嫩水嫩的小天使型的男子大生。
回国前主动问我们喜欢什么角色，帮我画了非常可爱的菊草叶作为饯别礼。
まつり和我说他要一个人来中国玩，于是联系之后决 ... ,把自己在豆瓣写的东西拖过来：
她们踏上了不同的轨道，但引力没有消失
这是一份迟来的剧评，很大一部分原因是第二季的变化太多以至于不知道该从哪里谈起，或者是一些感想过了很久才发酵成型。对包括自己在内的很多观众来说，第二季的故事有什么值得期待的？能够察觉到，久 ... ",13,響け！ユーフォニアム2,113,8.2,4366,['吹奏乐竞赛京都府大赛。在那里漂亮地取得金奖的北宇治高中吹奏乐部，向着下一个舞台·强豪云集的关西大赛发起挑战！']
12话/2020年1月5日/湯浅政明/大童澄瞳（小学館「月刊！スピリッツ」連載中）/浅野直之,别对映像研出手！,"以赛亚·柏林在《浪漫主义的根源》中感叹艺术作品的魅力在于其中喷薄而出的生命力，尽管它只是架空的虚构产物，但它本身具有完全不亚于甚至超越生物的生命力和能。譬如自然现象无意识建构的瑰丽奇观，无论是毁灭性的海啸还是火山喷发，都会让观看者产生恐惧和崇高并存 ... ,第一集，浅草提出了“最强的世界”这一概念，并用了一个着实富有张力和创造力的演出表现了这一“想象力孕育的幻想世界”。
我本以为这部动画会围绕着“梦想”“创造”“想象力”这三个主题发展，结果越到后期，这部动画越发落入了“微观业界”这一怪圈，比起浅草，我反而 ... ,# 1
如果将第一集看作完整的单元剧，与昆汀的《好莱坞往事》类比，就会发现其中精巧的剧作结构。一是贯穿始终的“片中片”：浅草、金森、水崎三人之前的所有“排练”，都是为了最后那段天马行空的想象——从浅草的简笔动画，到《未来少年柯南》中神秘的飞行器，乃至三人摆 ... ,听说汤浅和一些安利才开始了解映像研，然后被深深地吸引进去了。动画的演出和故事都是我非常喜欢的。
人设部分的三个女生各有特色而且十分有代表性，毕竟身边的人也都是个性差距很大却能融洽地在一起解决问题，其中最喜欢的可能还是浅草氏啦，大概是因为性格类似？但是 ... ,这两天看了最新的两话，感觉想明白了我为什么不喜欢映像研。
1. 违和感。虽然是高中生，但每个人物的能力都专精点满，专业领域实力不比业内人士低多少，导致我看得时候感觉违和，没什么道理。缺了音效，就用学校设定凭空整来一整套音效和一个达人。虽然有阿虚名言，但无法 ... ",12,映像研には手を出すな！,111,8.2,2666,['\u3000\u3000高中1年级学生浅草绿，是强调“设定即生命”的动画迷。在素描本上描绘积累各种各样的想法，却因不能一个人行动做事而无法迈出走向动画制作的一步。对于浅草这种才能，拥有制片人气质的金森沙耶香很快注意到了。同时，得知同学兼新星读者模特的水崎燕，其实希望将来成为动画人，3人为了展现脑内“最强的世界”而设立了映像研……']
35话/2014年11月7日,日本动画（人）博览会,"ep.3 ME!ME!ME!:作画和音乐结合的相当好的动画MV。（好孩子不要去看）
ep.6 西荻窪駅徒歩20分2LDK敷礼2ヶ月ペット不可：作画相当出彩的一个小故事。
ep.11 POWER PLANT No.33：短短几分钟就展现了一个挺吸引人的世界的故事设定，演出张力很强。
ep.14 Sex&VIOLENCE with ... ,meme确实牛b ,各集的一些基本制作信息，汇总一下，懒得排版了······
序号 名称 监督 动画监督 原作/原案 制作公司
1 龙之牙医 舞城王太郎 鹤卷和哉 舞城王太郎 khara
2 爬坡少女 谷东 —— —— khara数码部
3 ME!ME!ME! 吉崎响 —— 吉崎响 khara
4 大屠杀 本间晃 —— ... ,谨以此文再吹一波最爱的男女声优山寺宏一x林原惠美 ——请无视之
上一篇文章写了《龙的牙医》的画面表现，之所以说本作是一部优秀的作品，不单单是在画面的表现上十分精彩，在剧情上也有着深刻的内涵。劣质的画面可以被精彩的剧情拯救，但剧情羸弱的话，再好的画面也是 ... ,谨以此文再吹一波最爱的男女声优山寺宏一x林原惠美 ——请无视之
庵野老贼曾在15年5月说过动画业界只有5年的言论，颇有作为开创者和上位者俯视后辈的王者腔调，当然也隐隐发出了个人的忧患。但他作为一个已收获金山银山的大佬，并没有在功成名就之后孤芳自赏，以旁观 ... ",35,日本アニメ（ーター）見本市,110,8.2,1149,"['オリジナル企画・スピンオフ企画・プロモーション映像・MusicPV・VJFilmetc...', '\nジャンルを問わず愛と勢いで創りきる数々のオムニバスアニメーション', '\n期間、予算等を制限した中での企画開発、R＆D、人材育成、自由な創作の場として', '\nこの先の映像制作の可能性を探るWEB配信アニメーションシリーズです。', '\n────────────────────────────', '\n“日本动画展会”，是一项短篇动画系列企划，将由动画制作公司Khara和NICONICO视频网站运营方DWANGO共同负责实施。在既定的预算和时间内，动画制作者可以自由制作各种不分类型的短篇动画，然后在每周的星期五公开一集。除了原创动画之外，还接受外传动画、宣传动画、音乐视频等作品类型的制作。DWANGO和Khara在谈及该企划的理念时表示：“我们将会提供一个不限制创作表现的‘自由的创作平台’，探索在日本动画制作过程中的企划开发、研究开发、人才培养等方面的可能性”。DWANGO的川上量生会长还说道：“我们没有考虑过要收支平衡”。']"
1话/1988年4月16日/宮崎駿,龙猫,"童年回忆，但是又多了很多新东西
看了狭山事件，动画中男孩和婆婆的反应之后，我觉得动画应该是将时间设定在狭山事件之后，那个鞋子可以理解为真实事件中女孩的鞋？而龙猫则是通过事件中的口述进行想象诞生的生物（山神？有控制植物生长的能力），保护了梅，阻止了狭山事件的再次 ... ",1,となりのトトロ,108,8.2,5073,"['本片是對日本鄉村生活的迷人及節奏緩慢的描繪。故事背景設定於1958年（昭和33年），一位大學教授和他的兩個女兒搬進一個森林附近的一所舊房子，因為他的妻子染上了結核病，在附近的一所醫院康復中。他的女兒們發現了「煤炭屎」，她們又名「煤炭屎鬼」。', '\n', '\n次子追趕一隻小龍貓，牠引領了她去找到森林守護者「龍貓」。次子被牠們迷住了，並且下定決心去尋找大龍貓。一個下雨的晚上，當女孩們在等爸爸時，她們遇到了一個，用樹葉擋雨的大龍貓。當次子想把一個成熟的玉米帶給住在醫院的媽媽時，但迷了路，草子到處尋找她，最後去找大龍貓幫忙。並且在牠的幫助下，梅被迅速找到了。龍貓召喚而來的貓公車，接送草子和次子穿過鄉間，到醫院探望她們的媽媽。']"
26话/2007年5月12日/磯光雄/磯光雄/本田雄,电脑线圈,"转自[http://tieba.baidu.com/p/2281162395]
背景
至少在5年前，存在一个最初的眼镜公司coils社。coils社的总工程师发现了“imago”并将其应用于眼镜，使得coils社得以壮大。同时coils社还发现了“coils现象”，开发了电脑宠物，创造了最早期的illegal--“null” ... ,“勇子，勇子的勇是勇敢的勇啊，所以，回来吧。”
如果剧情一直按照前半段那样的节奏和安排，电脑线圈或许会成为一部温馨治愈的科幻小品，充满了童趣和纯真，也一直想象力不断的展现每处小细节和设定的精致。
但我还是喜欢当那些危险的因素或背后的故事出现，使得人物的命 ... ",26,電脳コイル,109,8.2,2632,"['西元2026年，被称为“电脑眼镜”的眼镜型透明显示器已经在全世界普及了11年。在电脑内才存在的虚拟宠物、道具、或是互联网都可以戴上电脑眼镜来看到。', '\n', '\n暑假结束时，优子（正确的念法为ゆうこ，Yūko，但通常被称为ヤサコ，Yasako）与双亲还有妹妹京子搬家到大黑市，在抵达大黑市过马路的时候看到了不可思议的事情与在原住地金泽从来没有看过的道具。同时遇见了另一个“ゆうこ”，通常被称为イサコ（Isako）的天泽勇子，以及其他的小孩子们，于是开启了优子在大黑市冒险的日子。']"
22话/2012年4月22日/武本康弘/米澤穂信/西屋太志,冰菓,"看这个番让我想到了神探夏洛克和无人生还，但比之前两个，冰果无论是剧情还是节奏上都差了不少 ,由于各种各样的原因，例如整体评价一般、口味不合、烂尾、三集弃等，一些动画我们可能不会去看。不过，这些作品中有一些可以直接观看的优秀单集，是很值得推荐的。
收录条件：
1. 该单集足够好看；
2. 单独拿出来看该单集基本不需要补充该作的知识，或者只需要补充少量该作 ... ,仅此而已的故事 还在蔓延的他们 继续绽放光芒 这个蔷薇色的世界容不下灰色 因为 那个玫瑰色的爱瑠包裹着你啊 （米泽老贼求求你快写啊 要给你哭了） ,RT。有人统计过么？太多了，只看出有克里斯蒂的作品和福尔摩斯。
（评论显示有6页实际上却只有4页，最后两页去哪了。。。） ,19：35左右，折木说卖了14本，但纸上写了27本所以应该是27 - 12 = 15本才对啊。澄空跟诸神的都是14本，不知道京都后来有没有修正这个地方。。。 ",22,氷菓,107,8.2,11641,['以节能为座右铭的高中生折木奉太郎， 为一个小小的原因而加入了濒临废社的“古典文学部”。古典文学部的社员，包括他在社里认识的好奇宝宝，也就是女主角千反田爱瑠，还有他从国中就认识的伊原摩耶花和福部里志。这是他们四人以神山高中为舞台，对一桩桩事件展开推理的青春学园推理剧。“我很好奇！”奉太郎平静的灰色高中生活，因为千反田的这一句话而为之一变！']
13话/2017年7月7日/小島正幸/つくしあきひと/黄瀬和哉,来自深渊,"亦是馈赠，亦是灾祸，予以众生平等，不带一丝怜悯，即是深渊。 ,这部动画当初一直在我追番列表里，然而各种拖延忘记了。直到听人又提起，这才急急忙忙回头补，无愧于好评。
奇幻冒险并不是什么新鲜的题材。前有各大RPG改作品珠玉在前，后有各路异世界霸权番火遍大江南北，来自深渊硬生生在一众前辈新秀中杀出一条道路，口碑一致好评，令 ... ,《来自深渊》让我时隔很久再一次体会到看片根本停不下来的感觉。作为冒险主题的作品，这是近乎完美的第一季，神秘刺激，个别情节比七层深渊还黑暗。但这部作品最大的亮点是能够在不知不觉中巧妙地营造出一种不协调感，让你真正体会‘深渊’的恐怖。
‘深渊’的设定是 ... ,人类对于未知的憧憬，是不会被任何事物所阻拦的。从俯瞰小镇到深渊之底，这个奇幻世界所展现出来的画卷是如此动人，就像在科研世界中探索一样。黎明卿的所作所为虽然具有争议，但我们很难给这个人单纯的评价，我也想成为这种人也说不定。本作对于人类群体的探索精神，以及 ... ,……结果还是拖了三个月
话不多说，直接开始吧
（对了，以后像银魂这种我就不写进来了，没啥意义）
9月完结部分
国王游戏
史诗级的烂片我觉得是得服气的啊，看完了国王游戏，我甚至都想把赤龙战役调高到两分了，真是没有对比就没有伤害，没有最烂只有更烂．目前他甚至排在BGM上 ... ",13,メイドインアビス,104,8.2,4892,"['在每一个角落都被探索完毕的世界中，唯一残留的秘境——大洞穴“深渊”。不知道延续到何方，深不见底的巨大纵向洞穴，栖息着奇妙奇怪的生物们，沉眠着现在的人类无法制造的贵重遗物。“深渊”那充满了不可思议的姿态吸引了人们，并驱使人们展开冒险。如此，多次挑战大洞穴的冒险者们，陆续得到了“探窟家”的名号。', '\n住在建造于深渊边缘的城镇“奥斯”的孤儿莉可，梦想着有朝一日成为母亲那样伟大的探窟家，并解开深渊的谜团。这样的某一天，莉可在探索深渊的途中，捡到了有着少年样貌的机器人…？']"
